-- phpMyAdmin SQL Dump
-- version 5.1.3
-- https://www.phpmyadmin.net/
--
-- Host: 127.0.0.1
-- Generation Time: Oct 05, 2023 at 04:09 PM
-- Server version: 10.4.24-MariaDB
-- PHP Version: 7.4.29

SET SQL_MODE = "NO_AUTO_VALUE_ON_ZERO";
START TRANSACTION;
SET time_zone = "+00:00";


/*!40101 SET @OLD_CHARACTER_SET_CLIENT=@@CHARACTER_SET_CLIENT */;
/*!40101 SET @OLD_CHARACTER_SET_RESULTS=@@CHARACTER_SET_RESULTS */;
/*!40101 SET @OLD_COLLATION_CONNECTION=@@COLLATION_CONNECTION */;
/*!40101 SET NAMES utf8mb4 */;

--
-- Database: `rahivasi_new`
--

-- --------------------------------------------------------

--
-- Table structure for table `admin_accounts`
--

CREATE TABLE `admin_accounts` (
  `admin_id` int(11) NOT NULL,
  `username` varchar(30) NOT NULL,
  `password` varchar(30) NOT NULL,
  `phone` bigint(10) NOT NULL,
  `email` varchar(30) NOT NULL,
  `admin_type` varchar(20) NOT NULL DEFAULT 'clurk',
  `created_at` datetime NOT NULL DEFAULT current_timestamp(),
  `updated_at` datetime NOT NULL DEFAULT current_timestamp(),
  `deleted_status` tinyint(1) NOT NULL DEFAULT 1
) ENGINE=InnoDB DEFAULT CHARSET=utf8mb4;

--
-- Dumping data for table `admin_accounts`
--

INSERT INTO `admin_accounts` (`admin_id`, `username`, `password`, `phone`, `email`, `admin_type`, `created_at`, `updated_at`, `deleted_status`) VALUES
(1, 'clerk', 'clerk123', 0, '', 'clerk', '2023-07-19 12:04:19', '2023-07-19 12:04:19', 1),
(2, 'apo', 'apo123', 0, '', 'apo', '2023-07-19 12:10:45', '2023-07-19 12:10:45', 1),
(3, 'po', 'po123', 0, '', 'po', '2023-07-19 12:11:34', '2023-07-19 12:11:34', 1);

-- --------------------------------------------------------

--
-- Table structure for table `applicant`
--

CREATE TABLE `applicant` (
  `id` int(11) NOT NULL,
  `username` varchar(30) NOT NULL,
  `password` varchar(30) NOT NULL,
  `applicant_name` varchar(50) NOT NULL,
  `phone` bigint(10) NOT NULL,
  `email` varchar(30) NOT NULL,
  `district_name` varchar(30) NOT NULL,
  `taluka_name` varchar(20) NOT NULL,
  `village_name` varchar(20) NOT NULL,
  `created_at` datetime NOT NULL DEFAULT current_timestamp(),
  `updated_at` datetime DEFAULT current_timestamp(),
  `deleted_status` tinyint(1) NOT NULL DEFAULT 0
) ENGINE=InnoDB DEFAULT CHARSET=utf8mb4;

--
-- Dumping data for table `applicant`
--

INSERT INTO `applicant` (`id`, `username`, `password`, `applicant_name`, `phone`, `email`, `district_name`, `taluka_name`, `village_name`, `created_at`, `updated_at`, `deleted_status`) VALUES
(1, 'user', 'user12345', 'aditya dole', 8999413838, 'daditya302@gmail.com', 'Nandurbar', 'Nandurbar', 'Ashte', '2023-07-22 05:07:46', '2023-07-22 05:07:46', 0),
(2, 'kiran', '482fbbd0', 'kiran', 7420841424, 'kiran.absoft@gmail.com', 'Nandurbar', 'Nandurbar', 'Ajepur', '2023-08-21 11:53:40', '2023-08-21 11:53:40', 0),
(3, 'ashwinisonawane', '488d0d1c', 'Ashwini Sonawane', 9623922508, 'ashwinisonawane.absoft@gmail.c', 'Nandurbar', 'Taloda', 'Chaugaon Kh', '2023-08-23 11:43:59', '2023-08-23 11:43:59', 0),
(4, 'sonam', '0b58b822', 'sonam', 1234567890, 'sonam.absoft@gmail.com', 'Nandurbar', 'Taloda', 'Amoni', '2023-08-23 12:15:46', '2023-08-23 12:15:46', 0),
(5, 'harshal', '1fe4b6a7', 'harshal', 9307357056, 'harsh.absoft@gmail.com', 'Nandurbar', 'Nandurbar', 'Baldane', '2023-10-05 11:06:19', '2023-10-05 11:06:19', 0);

-- --------------------------------------------------------

--
-- Table structure for table `complaint`
--

CREATE TABLE `complaint` (
  `c_id` int(11) NOT NULL,
  `firstname` varchar(20) NOT NULL,
  `email` varchar(30) NOT NULL,
  `phone` varchar(10) NOT NULL,
  `land_line` varchar(15) NOT NULL,
  `district_name` varchar(15) NOT NULL,
  `taluka_name` varchar(15) NOT NULL,
  `category` varchar(15) NOT NULL,
  `service_type` varchar(25) NOT NULL,
  `dep_name` varchar(20) NOT NULL,
  `service_name` varchar(20) NOT NULL,
  `file` varchar(255) NOT NULL,
  `details` varchar(100) NOT NULL
) ENGINE=InnoDB DEFAULT CHARSET=utf8mb4;

--
-- Dumping data for table `complaint`
--

INSERT INTO `complaint` (`c_id`, `firstname`, `email`, `phone`, `land_line`, `district_name`, `taluka_name`, `category`, `service_type`, `dep_name`, `service_name`, `file`, `details`) VALUES
(1, 'test', 'asdfasd', 'asddfasd', '', '', '', '', '', '', '', 'wallpaperflare_com_wallpaper.jpg', 'test'),
(2, 'test', 'harsh.absoft@gmail.com', '9307357056', '', '', '', '', '', '', '', 'gallery-913.png', 'test'),
(3, 'test', 'harsh.absoft@gmail.com', '9307357056', '', '', '', '', '', '', '', 'gallery-914.png', 'test'),
(4, 'test', 'harsh.absoft@gmail.com', '9307357056', '', '', '', '', '', '', '', 'gallery-915.png', 'test'),
(5, 'test', 'asdf', 'sdf', '', '', '', '', '', '', '', 'wallpaperflare_com_wallpaper1.jpg', 'tesst'),
(6, 'test', 'df', 'sadf', '', '', '', '', '', '', '', 'wallpaperflare_com_wallpaper2.jpg', 'ttest');

-- --------------------------------------------------------

--
-- Table structure for table `districts`
--

CREATE TABLE `districts` (
  `district_id` int(11) NOT NULL,
  `district_name` varchar(100) NOT NULL,
  `district_name_marathi` varchar(100) NOT NULL
) ENGINE=MyISAM DEFAULT CHARSET=utf8;

--
-- Dumping data for table `districts`
--

INSERT INTO `districts` (`district_id`, `district_name`, `district_name_marathi`) VALUES
(1, 'Ahmednagar', 'अहमदनगर'),
(2, 'Akola', 'अकोला'),
(3, 'Amravati', 'अमरावती'),
(4, 'Aurangabad', 'औरंगाबाद'),
(5, 'Beed', 'बीड'),
(6, 'Bhandara', 'भंडारा'),
(7, 'Buldhana', 'बुलढाणा'),
(8, 'Chandrapur', 'चंद्रपूर'),
(9, 'Dhule', 'धुळे'),
(10, 'Gadchiroli', 'गडचिरोली'),
(11, 'Gondia', 'गोंदिया'),
(12, 'Hingoli', 'हिंगोली'),
(13, 'Jalgaon', 'जळगाव'),
(14, 'Jalna', 'जालना'),
(15, 'Kolhapur', 'कोल्हापूर'),
(16, 'Latur', 'लातूर'),
(17, 'Mumbai City', 'मुंबई शहर'),
(18, 'Mumbai Suburban', 'मुंबई उपनगर'),
(19, 'Nagpur', 'नागपूर'),
(20, 'Nanded', 'नांदेड'),
(21, 'Nandurbar', 'नंदुरबार'),
(22, 'Nashik', 'नाशिक'),
(23, 'Osmanabad', 'उस्मानाबाद'),
(24, 'Palghar', 'पालघर'),
(25, 'Parbhani', 'परभणी'),
(26, 'Pune', 'पुणे'),
(27, 'Raigad', 'रायगड'),
(28, 'Ratnagiri', 'रत्नागिरी'),
(29, 'Sangli', 'सांगली'),
(30, 'Satara', 'सातारा'),
(31, 'Sindhudurg', 'सिंधुदुर्ग'),
(32, 'Solapur', 'सोलापूर'),
(33, 'Thane', 'ठाणे'),
(34, 'Wardha', 'वर्धा'),
(35, 'Washim', 'वाशिम'),
(36, 'Yavatmal', 'यवतमाळ');

-- --------------------------------------------------------

--
-- Table structure for table `rahivasi_form`
--

CREATE TABLE `rahivasi_form` (
  `r_id` int(11) NOT NULL,
  `application_date` datetime NOT NULL DEFAULT current_timestamp(),
  `user_id` int(11) NOT NULL,
  `firstname` varchar(20) CHARACTER SET utf8 NOT NULL,
  `middlename` varchar(20) CHARACTER SET utf8 NOT NULL,
  `lastname` varchar(20) CHARACTER SET utf8 NOT NULL,
  `firstname_marathi` varchar(30) NOT NULL,
  `middlename_marathi` varchar(30) NOT NULL,
  `lastname_marathi` varchar(30) NOT NULL,
  `phone` bigint(10) NOT NULL,
  `age` int(3) NOT NULL,
  `birthdate` date NOT NULL,
  `district_name` varchar(30) CHARACTER SET utf8 NOT NULL,
  `taluka_name` varchar(20) CHARACTER SET utf8 NOT NULL,
  `village_name` varchar(20) CHARACTER SET utf8 NOT NULL,
  `area` varchar(100) CHARACTER SET utf8 NOT NULL,
  `aadharno` bigint(20) NOT NULL,
  `clerk_verify` tinyint(1) NOT NULL DEFAULT 0,
  `apo_verify` tinyint(1) NOT NULL DEFAULT 0,
  `clerk_remark` varchar(200) CHARACTER SET utf8 NOT NULL,
  `apo_remark` varchar(200) CHARACTER SET utf8 NOT NULL,
  `clerk_verify_dsc` tinyint(1) NOT NULL DEFAULT 0,
  `apo_verify_dsc` tinyint(1) NOT NULL DEFAULT 0,
  `created_at` datetime DEFAULT current_timestamp(),
  `updated_at` datetime NOT NULL DEFAULT current_timestamp(),
  `deleted_status` tinyint(1) NOT NULL DEFAULT 0,
  `send_dsc` tinyint(1) NOT NULL DEFAULT 0,
  `dsc_code` varchar(255) NOT NULL,
  `dsc_date` date DEFAULT NULL,
  `po_verify` tinyint(1) NOT NULL DEFAULT 0,
  `po_remark` varchar(200) NOT NULL,
  `po_verify_dsc` tinyint(1) NOT NULL DEFAULT 0,
  `final_date` date DEFAULT NULL,
  `r_f_id` int(11) DEFAULT 0
) ENGINE=InnoDB DEFAULT CHARSET=utf8mb4;

--
-- Dumping data for table `rahivasi_form`
--

INSERT INTO `rahivasi_form` (`r_id`, `application_date`, `user_id`, `firstname`, `middlename`, `lastname`, `firstname_marathi`, `middlename_marathi`, `lastname_marathi`, `phone`, `age`, `birthdate`, `district_name`, `taluka_name`, `village_name`, `area`, `aadharno`, `clerk_verify`, `apo_verify`, `clerk_remark`, `apo_remark`, `clerk_verify_dsc`, `apo_verify_dsc`, `created_at`, `updated_at`, `deleted_status`, `send_dsc`, `dsc_code`, `dsc_date`, `po_verify`, `po_remark`, `po_verify_dsc`, `final_date`, `r_f_id`) VALUES
(1, '2023-08-01 11:00:53', 1, 'aditya', 'dole', 'anil', 'anil', 'aditya', 'dole', 8999413838, 26, '1996-08-12', 'Nandurbar', 'Nandurbar', 'Ashte', 'dattnagar', 111222333444, 1, 1, '', '', 1, 1, '2023-08-01 11:00:53', '2023-08-01 11:00:53', 0, 1, 'DSC 1', '2023-08-23', 1, '', 1, '2023-08-01', 1),
(2, '2023-08-02 10:16:01', 1, 'aditya', 'anant', 'salvi', 'आदित्य', 'अनंत', 'साळवी', 5554443333, 23, '1999-12-12', 'Nandurbar', 'Nandurbar', 'Bamdod', 'basdds', 111111222222, 1, 1, '', '', 1, 1, '2023-08-02 10:16:01', '2023-08-02 10:16:01', 0, 1, 'DSC 2', '2023-08-23', 1, '', 1, '2023-08-19', 2),
(3, '2023-08-02 15:24:00', 1, 'rohit', 'nathu', 'bhagat', 'r', 'nathu', 'bhagat', 3322112211, 31, '1992-02-22', 'Nandurbar', 'Nandurbar', 'Bhagsari', 'aanagar', 212121332323, 0, 0, 'send', '', 0, 0, '2023-08-02 15:24:00', '2023-08-02 15:24:00', 2, 0, '', NULL, 0, '', 0, NULL, 0),
(4, '2023-08-19 14:35:24', 1, 'kiran ', 'anandrao', 'chavan', 'सीता', 'सीता', 'सीता', 9860473333, 24, '1998-12-24', 'Nandurbar', 'Navapur', 'Bhardu', 'satara', 456454334534, 1, 1, '', '', 1, 1, '2023-08-19 14:35:24', '2023-08-19 14:35:24', 0, 1, 'DSC 3', '2023-08-23', 1, '', 1, '2023-08-23', 3),
(5, '2023-08-21 11:57:25', 2, 'kiran ', 'anandrao', 'chavan', 'सीता', 'सीता', 'सीता', 7420841424, 24, '1998-12-24', 'Nandurbar', 'Nandurbar', 'Ajepur', 'satara', 456454334534, 1, 1, '', '', 1, 1, '2023-08-21 11:57:25', '2023-08-21 11:57:25', 0, 1, 'DSC 4', '2023-08-23', 1, '', 1, '2023-08-23', 4),
(6, '2023-08-23 11:50:07', 3, 'Ashwini', 'Balkrishan', 'Sonawane', ' अश्विनी ', 'बाळकृष्ण', 'सोनावणे ', 9623922508, 27, '1995-10-10', 'Nandurbar', 'Taloda', 'AKRANI', 'Nandurbar', 123456789534, 1, 1, '', '', 1, 1, '2023-08-23 11:50:07', '2023-08-23 11:50:07', 0, 0, '', NULL, 1, '', 1, '2023-08-23', 5),
(7, '2023-08-23 12:19:21', 4, 'sonam', 'sonam', 'sonam', ' अश्विनी ', 'अश्विनी ', 'अश्विनी ', 1234567890, 24, '1998-12-24', 'Nandurbar', 'Taloda', 'Amoni', 'Nandurbar', 123456789055, 0, 0, '', '', 0, 0, '2023-08-23 12:19:21', '2023-08-23 12:19:21', 0, 0, '', NULL, 0, '', 0, NULL, 0),
(8, '2023-08-28 17:47:47', 1, 'kiran ', 'kiran', 'test', 'सीता', 'सीता', 'सीता', 7656343424, 24, '1998-12-24', 'Nandurbar', 'Taloda', 'Ashte Tarf Borad', 'satara', 456454334534, 1, 1, '', '', 1, 1, '2023-08-28 17:47:47', '2023-08-28 17:47:47', 0, 1, 'DSC 6', '2023-08-28', 1, '', 1, '2023-08-28', 6);

-- --------------------------------------------------------

--
-- Table structure for table `rahivasi_form_doc`
--

CREATE TABLE `rahivasi_form_doc` (
  `id` int(11) NOT NULL,
  `r_id` int(11) NOT NULL,
  `doc_name` varchar(200) CHARACTER SET utf8 NOT NULL,
  `doc_path` varchar(200) CHARACTER SET utf8 NOT NULL,
  `created_at` datetime NOT NULL DEFAULT current_timestamp(),
  `updated_at` datetime DEFAULT current_timestamp(),
  `deleted_status` tinyint(1) NOT NULL DEFAULT 0
) ENGINE=InnoDB DEFAULT CHARSET=utf8mb4;

--
-- Dumping data for table `rahivasi_form_doc`
--

INSERT INTO `rahivasi_form_doc` (`id`, `r_id`, `doc_name`, `doc_path`, `created_at`, `updated_at`, `deleted_status`) VALUES
(1, 1, 'लाभार्थ्याचा विनंती अर्ज', 'assests/uploads/Screenshot_(1)16.png', '2023-08-01 11:00:53', '2023-08-01 11:00:53', 0),
(2, 1, 'तहसीलदार यांचेकडील अधिवास प्रमाणपत्र (Domicile)', 'assests/uploads/Screenshot_(1)17.png', '2023-08-01 11:00:53', '2023-08-01 11:00:53', 0),
(3, 1, 'शाळा सोडल्याचा दाखला', 'assests/uploads/Screenshot_(1)18.png', '2023-08-01 11:00:53', '2023-08-01 11:00:53', 0),
(4, 1, 'जातीचा दाखला', 'assests/uploads/Screenshot_(1)19.png', '2023-08-01 11:00:53', '2023-08-01 11:00:53', 0),
(5, 1, 'आधार कार्ड', 'assests/uploads/Screenshot_(1)20.png', '2023-08-01 11:00:53', '2023-08-01 11:00:53', 0),
(6, 1, 'स्वयंघोषणा पत्र', 'assests/uploads/Screenshot_(1)21.png', '2023-08-01 11:00:53', '2023-08-01 11:00:53', 0),
(7, 1, 'विवाहित महिलांकरिता विवाह नोंदनी प्रमाणपत्र', 'assests/uploads/Screenshot_(1)22.png', '2023-08-01 11:00:53', '2023-08-01 11:00:53', 0),
(8, 1, 'अर्जदार राहत असलेला पाडा हा पेसा क्षेत्रात येत असल्याबाबतचे महसूल ग्रामपंचायतीचे ग्रामसेवकाचे प्रमाणपत्र', 'assests/uploads/Screenshot_(1)23.png', '2023-08-01 11:00:53', '2023-08-01 11:00:53', 0),
(9, 1, 'अन्य', 'assests/uploads/Screenshot_(1)23.png', '2023-08-01 11:00:53', '2023-08-01 11:00:53', 0),
(10, 2, 'लाभार्थ्याचा विनंती अर्ज', 'assests/uploads/Screenshot_(1)16.png', '2023-08-02 10:16:01', '2023-08-02 10:16:01', 0),
(11, 2, 'तहसीलदार यांचेकडील अधिवास प्रमाणपत्र (Domicile)', 'assests/uploads/Screenshot_(1)17.png', '2023-08-02 10:16:01', '2023-08-02 10:16:01', 0),
(12, 2, 'शाळा सोडल्याचा दाखला', 'assests/uploads/Screenshot_(1)18.png', '2023-08-02 10:16:01', '2023-08-02 10:16:01', 0),
(13, 2, 'जातीचा दाखला', 'assests/uploads/Screenshot_(1)19.png', '2023-08-02 10:16:01', '2023-08-02 10:16:01', 0),
(14, 2, 'आधार कार्ड', 'assests/uploads/Screenshot_(1)20.png', '2023-08-02 10:16:01', '2023-08-02 10:16:01', 0),
(15, 2, 'स्वयंघोषणा पत्र', 'assests/uploads/Screenshot_(1)21.png', '2023-08-02 10:16:01', '2023-08-02 10:16:01', 0),
(16, 2, 'विवाहित महिलांकरिता विवाह नोंदनी प्रमाणपत्र', 'assests/uploads/Screenshot_(1)22.png', '2023-08-02 10:16:01', '2023-08-02 10:16:01', 0),
(17, 2, 'अर्जदार राहत असलेला पाडा हा पेसा क्षेत्रात येत असल्याबाबतचे महसूल ग्रामपंचायतीचे ग्रामसेवकाचे प्रमाणपत्र', 'assests/uploads/Screenshot_(1)23.png', '2023-08-02 10:16:01', '2023-08-02 10:16:01', 0),
(18, 2, 'अन्य', 'assests/uploads/Screenshot_(1)24.png', '2023-08-02 10:16:01', '2023-08-02 10:16:01', 0),
(19, 3, 'लाभार्थ्याचा विनंती अर्ज', 'assests/uploads/Screenshot_(1)25.png', '2023-08-02 15:24:00', '2023-08-02 15:24:00', 0),
(20, 3, 'तहसीलदार यांचेकडील अधिवास प्रमाणपत्र (Domicile)', 'assests/uploads/Screenshot_(1)26.png', '2023-08-02 15:24:00', '2023-08-02 15:24:00', 0),
(21, 3, 'शाळा सोडल्याचा दाखला', 'assests/uploads/Screenshot_(1)27.png', '2023-08-02 15:24:00', '2023-08-02 15:24:00', 0),
(22, 3, 'जातीचा दाखला', 'assests/uploads/Screenshot_(1)28.png', '2023-08-02 15:24:00', '2023-08-02 15:24:00', 0),
(23, 3, 'आधार कार्ड', 'assests/uploads/Screenshot_(1)29.png', '2023-08-02 15:24:00', '2023-08-02 15:24:00', 0),
(24, 3, 'स्वयंघोषणा पत्र', 'assests/uploads/Screenshot_(1)30.png', '2023-08-02 15:24:00', '2023-08-02 15:24:00', 0),
(25, 3, 'विवाहित महिलांकरिता विवाह नोंदनी प्रमाणपत्र', 'assests/uploads/Screenshot_(1)30.png', '2023-08-02 15:24:00', '2023-08-02 15:24:00', 0),
(26, 3, 'अर्जदार राहत असलेला पाडा हा पेसा क्षेत्रात येत असल्याबाबतचे महसूल ग्रामपंचायतीचे ग्रामसेवकाचे प्रमाणपत्र', 'assests/uploads/Screenshot_(1)31.png', '2023-08-02 15:24:00', '2023-08-02 15:24:00', 0),
(27, 3, 'अन्य', 'assests/uploads/Screenshot_(1)31.png', '2023-08-02 15:24:00', '2023-08-02 15:24:00', 0),
(28, 4, 'लाभार्थ्याचा विनंती अर्ज', 'assests/uploads/Screenshot_(6).png', '2023-08-19 14:35:30', '2023-08-19 14:35:30', 0),
(29, 4, 'तहसीलदार यांचेकडील अधिवास प्रमाणपत्र (Domicile)', 'assests/uploads/Screenshot_(6)1.png', '2023-08-19 14:35:31', '2023-08-19 14:35:31', 0),
(30, 4, 'शाळा सोडल्याचा दाखला', 'assests/uploads/Screenshot_(6)2.png', '2023-08-19 14:35:31', '2023-08-19 14:35:31', 0),
(31, 4, 'जातीचा दाखला', 'assests/uploads/Screenshot_(6)3.png', '2023-08-19 14:35:31', '2023-08-19 14:35:31', 0),
(32, 4, 'आधार कार्ड', 'assests/uploads/Screenshot_(6)4.png', '2023-08-19 14:35:31', '2023-08-19 14:35:31', 0),
(33, 4, 'स्वयंघोषणा पत्र', 'assests/uploads/Screenshot_(6)5.png', '2023-08-19 14:35:31', '2023-08-19 14:35:31', 0),
(34, 4, 'विवाहित महिलांकरिता विवाह नोंदनी प्रमाणपत्र', 'assests/uploads/', '2023-08-19 14:35:31', '2023-08-19 14:35:31', 0),
(35, 4, 'अर्जदार राहत असलेला पाडा हा पेसा क्षेत्रात येत असल्याबाबतचे महसूल ग्रामपंचायतीचे ग्रामसेवकाचे प्रमाणपत्र', 'assests/uploads/Screenshot_(6)6.png', '2023-08-19 14:35:32', '2023-08-19 14:35:32', 0),
(36, 4, 'अन्य', 'assests/uploads/', '2023-08-19 14:35:32', '2023-08-19 14:35:32', 0),
(37, 5, 'लाभार्थ्याचा विनंती अर्ज', 'assests/uploads/11691.pdf', '2023-08-21 11:57:26', '2023-08-21 11:57:26', 0),
(38, 5, 'तहसीलदार यांचेकडील अधिवास प्रमाणपत्र (Domicile)', 'assests/uploads/116911.pdf', '2023-08-21 11:57:27', '2023-08-21 11:57:27', 0),
(39, 5, 'शाळा सोडल्याचा दाखला', 'assests/uploads/116912.pdf', '2023-08-21 11:57:27', '2023-08-21 11:57:27', 0),
(40, 5, 'जातीचा दाखला', 'assests/uploads/116913.pdf', '2023-08-21 11:57:27', '2023-08-21 11:57:27', 0),
(41, 5, 'आधार कार्ड', 'assests/uploads/116914.pdf', '2023-08-21 11:57:27', '2023-08-21 11:57:27', 0),
(42, 5, 'स्वयंघोषणा पत्र', 'assests/uploads/116915.pdf', '2023-08-21 11:57:27', '2023-08-21 11:57:27', 0),
(43, 5, 'विवाहित महिलांकरिता विवाह नोंदनी प्रमाणपत्र', 'assests/uploads/', '2023-08-21 11:57:27', '2023-08-21 11:57:27', 0),
(44, 5, 'अर्जदार राहत असलेला पाडा हा पेसा क्षेत्रात येत असल्याबाबतचे महसूल ग्रामपंचायतीचे ग्रामसेवकाचे प्रमाणपत्र', 'assests/uploads/116916.pdf', '2023-08-21 11:57:28', '2023-08-21 11:57:28', 0),
(45, 5, 'अन्य', 'assests/uploads/', '2023-08-21 11:57:28', '2023-08-21 11:57:28', 0),
(46, 6, 'लाभार्थ्याचा विनंती अर्ज', 'assests/uploads/Screenshot_(1)32.png', '2023-08-23 11:50:08', '2023-08-23 11:50:08', 0),
(47, 6, 'तहसीलदार यांचेकडील अधिवास प्रमाणपत्र (Domicile)', 'assests/uploads/Screenshot_(1)33.png', '2023-08-23 11:50:08', '2023-08-23 11:50:08', 0),
(48, 6, 'शाळा सोडल्याचा दाखला', 'assests/uploads/Screenshot_(1)34.png', '2023-08-23 11:50:08', '2023-08-23 11:50:08', 0),
(49, 6, 'जातीचा दाखला', 'assests/uploads/Screenshot_(1)35.png', '2023-08-23 11:50:08', '2023-08-23 11:50:08', 0),
(50, 6, 'आधार कार्ड', 'assests/uploads/Screenshot_(1)36.png', '2023-08-23 11:50:08', '2023-08-23 11:50:08', 0),
(51, 6, 'स्वयंघोषणा पत्र', 'assests/uploads/Screenshot_(1)37.png', '2023-08-23 11:50:09', '2023-08-23 11:50:09', 0),
(52, 6, 'विवाहित महिलांकरिता विवाह नोंदनी प्रमाणपत्र', 'assests/uploads/', '2023-08-23 11:50:09', '2023-08-23 11:50:09', 0),
(53, 6, 'अर्जदार राहत असलेला पाडा हा पेसा क्षेत्रात येत असल्याबाबतचे महसूल ग्रामपंचायतीचे ग्रामसेवकाचे प्रमाणपत्र', 'assests/uploads/Screenshot_(1)38.png', '2023-08-23 11:50:09', '2023-08-23 11:50:09', 0),
(54, 6, 'अन्य', 'assests/uploads/Screenshot_(1)39.png', '2023-08-23 11:50:09', '2023-08-23 11:50:09', 0),
(55, 7, 'लाभार्थ्याचा विनंती अर्ज', 'assests/uploads/SHIVRAJ_AUTO_WHEELS1.pdf', '2023-08-23 12:19:22', '2023-08-23 12:19:22', 0),
(56, 7, 'तहसीलदार यांचेकडील अधिवास प्रमाणपत्र (Domicile)', 'assests/uploads/SHIVRAJ_AUTO_WHEELS11.pdf', '2023-08-23 12:19:22', '2023-08-23 12:19:22', 0),
(57, 7, 'शाळा सोडल्याचा दाखला', 'assests/uploads/SHIVRAJ_AUTO_WHEELS12.pdf', '2023-08-23 12:19:23', '2023-08-23 12:19:23', 0),
(58, 7, 'जातीचा दाखला', 'assests/uploads/SHIVRAJ_AUTO_WHEELS13.pdf', '2023-08-23 12:19:23', '2023-08-23 12:19:23', 0),
(59, 7, 'आधार कार्ड', 'assests/uploads/SHIVRAJ_AUTO_WHEELS14.pdf', '2023-08-23 12:19:23', '2023-08-23 12:19:23', 0),
(60, 7, 'स्वयंघोषणा पत्र', 'assests/uploads/SHIVRAJ_AUTO_WHEELS15.pdf', '2023-08-23 12:19:23', '2023-08-23 12:19:23', 0),
(61, 7, 'विवाहित महिलांकरिता विवाह नोंदनी प्रमाणपत्र', 'assests/uploads/SHIVRAJ_AUTO_WHEELS16.pdf', '2023-08-23 12:19:23', '2023-08-23 12:19:23', 0),
(62, 7, 'अर्जदार राहत असलेला पाडा हा पेसा क्षेत्रात येत असल्याबाबतचे महसूल ग्रामपंचायतीचे ग्रामसेवकाचे प्रमाणपत्र', 'assests/uploads/SHIVRAJ_AUTO_WHEELS17.pdf', '2023-08-23 12:19:23', '2023-08-23 12:19:23', 0),
(63, 7, 'अन्य', 'assests/uploads/SHIVRAJ_AUTO_WHEELS18.pdf', '2023-08-23 12:19:23', '2023-08-23 12:19:23', 0),
(64, 8, 'लाभार्थ्याचा विनंती अर्ज', 'assests/uploads/Screenshot_(17).png', '2023-08-28 17:47:48', '2023-08-28 17:47:48', 0),
(65, 8, 'तहसीलदार यांचेकडील अधिवास प्रमाणपत्र (Domicile)', 'assests/uploads/Screenshot_(17)1.png', '2023-08-28 17:47:50', '2023-08-28 17:47:50', 0),
(66, 8, 'शाळा सोडल्याचा दाखला', 'assests/uploads/Screenshot_(17)2.png', '2023-08-28 17:47:50', '2023-08-28 17:47:50', 0),
(67, 8, 'जातीचा दाखला', 'assests/uploads/Screenshot_(17)3.png', '2023-08-28 17:47:50', '2023-08-28 17:47:50', 0),
(68, 8, 'आधार कार्ड', 'assests/uploads/Screenshot_(17)4.png', '2023-08-28 17:47:50', '2023-08-28 17:47:50', 0),
(69, 8, 'स्वयंघोषणा पत्र', 'assests/uploads/Screenshot_(17)5.png', '2023-08-28 17:47:51', '2023-08-28 17:47:51', 0),
(70, 8, 'विवाहित महिलांकरिता विवाह नोंदनी प्रमाणपत्र', 'assests/uploads/Screenshot_(17)6.png', '2023-08-28 17:47:51', '2023-08-28 17:47:51', 0),
(71, 8, 'अर्जदार राहत असलेला पाडा हा पेसा क्षेत्रात येत असल्याबाबतचे महसूल ग्रामपंचायतीचे ग्रामसेवकाचे प्रमाणपत्र', 'assests/uploads/Screenshot_(17)7.png', '2023-08-28 17:47:51', '2023-08-28 17:47:51', 0),
(72, 8, 'अन्य', 'assests/uploads/Screenshot_(17)8.png', '2023-08-28 17:47:51', '2023-08-28 17:47:51', 0);

-- --------------------------------------------------------

--
-- Table structure for table `rahivasi_form_remark`
--

CREATE TABLE `rahivasi_form_remark` (
  `id` int(11) NOT NULL,
  `r_id` int(11) NOT NULL,
  `remark` varchar(1000) CHARACTER SET utf8 NOT NULL,
  `added_by` varchar(50) DEFAULT NULL,
  `created_at` datetime NOT NULL DEFAULT current_timestamp(),
  `updated_at` datetime DEFAULT current_timestamp()
) ENGINE=InnoDB DEFAULT CHARSET=utf8mb4;

--
-- Dumping data for table `rahivasi_form_remark`
--

INSERT INTO `rahivasi_form_remark` (`id`, `r_id`, `remark`, `added_by`, `created_at`, `updated_at`) VALUES
(1, 1, 'documents checked', '1', '2023-08-01 11:03:13', '2023-08-01 11:03:13'),
(2, 1, 'documents checked', '2', '2023-08-01 11:04:26', '2023-08-01 11:04:26'),
(3, 1, '', '3', '2023-08-01 11:04:57', '2023-08-01 11:04:57'),
(4, 2, 'checked', '1', '2023-08-02 10:17:20', '2023-08-02 10:17:20'),
(5, 2, 'checkrd', '2', '2023-08-02 10:18:21', '2023-08-02 10:18:21'),
(6, 3, 'send', '1', '2023-08-02 15:31:51', '2023-08-02 15:31:51'),
(7, 2, '', '3', '2023-08-19 13:09:53', '2023-08-19 13:09:53'),
(8, 4, 'kiran test', '1', '2023-08-19 16:36:44', '2023-08-19 16:36:44'),
(9, 4, 'test apo kiran ', '2', '2023-08-19 16:38:45', '2023-08-19 16:38:45'),
(10, 5, 'Okay .No issue found.', '1', '2023-08-23 11:53:01', '2023-08-23 11:53:01'),
(11, 5, 'OKay .No issue found.', '2', '2023-08-23 11:54:15', '2023-08-23 11:54:15'),
(12, 4, 'okay .', '3', '2023-08-23 11:55:14', '2023-08-23 11:55:14'),
(13, 5, 'okay ', '3', '2023-08-23 11:59:43', '2023-08-23 11:59:43'),
(14, 6, 'OKAY ', '1', '2023-08-23 12:26:05', '2023-08-23 12:26:05'),
(15, 6, 'OKSY', '2', '2023-08-23 12:28:49', '2023-08-23 12:28:49'),
(16, 6, 'checked', '3', '2023-08-23 12:30:22', '2023-08-23 12:30:22'),
(17, 6, '', '3', '2023-08-23 16:06:34', '2023-08-23 16:06:34'),
(18, 8, 'checked', '1', '2023-08-28 17:49:27', '2023-08-28 17:49:27'),
(19, 8, 'ookk', '2', '2023-08-28 17:50:26', '2023-08-28 17:50:26'),
(20, 8, 'approved', '3', '2023-08-28 17:51:34', '2023-08-28 17:51:34');

-- --------------------------------------------------------

--
-- Table structure for table `talukas`
--

CREATE TABLE `talukas` (
  `taluka_id` int(11) NOT NULL,
  `district_name` varchar(100) NOT NULL,
  `taluka_name` varchar(100) NOT NULL,
  `district_name_marathi` varchar(100) NOT NULL,
  `taluka_name_marathi` varchar(100) NOT NULL
) ENGINE=MyISAM DEFAULT CHARSET=utf8;

--
-- Dumping data for table `talukas`
--

INSERT INTO `talukas` (`taluka_id`, `district_name`, `taluka_name`, `district_name_marathi`, `taluka_name_marathi`) VALUES
(1, 'Ahmednagar', 'Nagar', 'अहमदनगर', 'नगर'),
(2, 'Ahmednagar', 'Shevgaon', 'अहमदनगर', 'शेवगाव'),
(3, 'Ahmednagar', 'Pathardi', 'अहमदनगर', 'पाथर्डी'),
(4, 'Ahmednagar', 'Parner', 'अहमदनगर', 'पारनेर'),
(5, 'Ahmednagar', 'Sangamner', 'अहमदनगर', 'संगमनेर'),
(6, 'Ahmednagar', 'Kopargaon', 'अहमदनगर', 'कोपरगाव'),
(7, 'Ahmednagar', 'Akole', 'अहमदनगर', 'अकोले'),
(8, 'Ahmednagar', 'Shrirampur', 'अहमदनगर', 'श्रीरामपूर'),
(9, 'Ahmednagar', 'Nevasa', 'अहमदनगर', 'नेवासा'),
(10, 'Ahmednagar', 'Rahata', 'अहमदनगर', 'राहाता'),
(11, 'Ahmednagar', 'Rahuri', 'अहमदनगर', 'राहुरी'),
(12, 'Ahmednagar', 'Shrigonda', 'अहमदनगर', 'श्रीगोंदा'),
(13, 'Ahmednagar', 'Karjat', 'अहमदनगर', 'कर्जत'),
(14, 'Ahmednagar', 'Jamkhed', 'अहमदनगर', 'जामखेड'),
(15, 'Akola', 'Akola', 'अकोला', 'अकोला'),
(16, 'Akola', 'Akot', 'अकोला', 'अकोट'),
(17, 'Akola', 'Telhara', 'अकोला', 'तेल्हारा'),
(18, 'Akola', 'Balapur', 'अकोला', 'बाळापूर'),
(19, 'Akola', 'Patur', 'अकोला', 'पातूर'),
(20, 'Akola', 'Murtajapur', 'अकोला', 'मुर्तजापूर'),
(21, 'Akola', 'Barshitakli', 'अकोला', 'बार्शीटाकळी'),
(22, 'Amravati', 'Amravati', 'अमरावती', 'अमरावती'),
(23, 'Amravati', 'Bhatukali', 'अमरावती', 'भातुकली'),
(24, 'Amravati', 'Nandgaon Khandeshwar', 'अमरावती', 'नांदगाव खंडेश्वर'),
(25, 'Amravati', 'Dharni (Amravati)', 'अमरावती', 'धारणी (अमरावती)'),
(26, 'Amravati', 'Chikhaldara', 'अमरावती', 'चिखलदरा'),
(27, 'Amravati', 'Achalpur', 'अमरावती', 'अचलपूर'),
(28, 'Amravati', 'Chandurbazar', 'अमरावती', 'चांदूरबाजार'),
(29, 'Amravati', 'Morshi', 'अमरावती', 'मोर्शी'),
(30, 'Amravati', 'Warud', 'अमरावती', 'वरुड'),
(31, 'Amravati', 'Daryapur', 'अमरावती', 'दर्यापूर'),
(32, 'Amravati', 'Anjangaon-Surji', 'अमरावती', 'अंजनगाव-सुर्जी'),
(33, 'Amravati', 'Chandur', 'अमरावती', 'चांदूर'),
(34, 'Amravati', 'Dhamangaon', 'अमरावती', 'धामणगाव'),
(35, 'Amravati', 'Tiosa', 'अमरावती', 'टिओसा'),
(36, 'Aurangabad', 'Aurangabad', 'औरंगाबाद', 'औरंगाबाद'),
(37, 'Aurangabad', 'Kannad', 'औरंगाबाद', 'कन्नड'),
(38, 'Aurangabad', 'Soegaon', 'औरंगाबाद', 'सोयगाव'),
(39, 'Aurangabad', 'Sillod', 'औरंगाबाद', 'सिल्लोड'),
(40, 'Aurangabad', 'Phulambri', 'औरंगाबाद', 'फुलंब्री'),
(41, 'Aurangabad', 'Khuldabad', 'औरंगाबाद', 'खुलदाबाद'),
(42, 'Aurangabad', 'Vaijapur', 'औरंगाबाद', 'वैजापूर'),
(43, 'Aurangabad', 'Gangapur', 'औरंगाबाद', 'गाणगापूर'),
(44, 'Aurangabad', 'Paithan', 'औरंगाबाद', 'पैठण'),
(45, 'Beed', 'Beed', 'बीड', 'बीड'),
(46, 'Beed', 'Ashti', 'बीड', 'आष्टी'),
(47, 'Beed', 'Patoda', 'बीड', 'पाटोदा'),
(48, 'Beed', 'Shirur-Kasar', 'बीड', 'शिरूर-कासार'),
(49, 'Beed', 'Georai', 'बीड', 'गेओराई'),
(50, 'Beed', 'Majalgaon', 'बीड', 'माजलगाव'),
(51, 'Beed', 'Wadwani', 'बीड', 'वडवणी'),
(52, 'Beed', 'Kaij', 'बीड', 'कैज'),
(53, 'Beed', 'Dharur', 'बीड', 'धारूर'),
(54, 'Beed', 'Parli', 'बीड', 'परळी'),
(55, 'Beed', 'Ambejogai', 'बीड', 'अंबेजोगाई'),
(56, 'Bhandara', 'Bhandara', 'भंडारा', 'भंडारा'),
(57, 'Bhandara', 'Tumsar', 'भंडारा', 'तुमसर'),
(58, 'Bhandara', 'Pauni', 'भंडारा', 'पौनी'),
(59, 'Bhandara', 'Mohadi', 'भंडारा', 'मोहाडी'),
(60, 'Bhandara', 'Sakoli', 'भंडारा', 'साकोली'),
(61, 'Bhandara', 'Lakhni', 'भंडारा', 'लाखनी'),
(62, 'Bhandara', 'Lakhandur', 'भंडारा', 'लाखांदूर'),
(63, 'Buladhana', 'Buldhana', 'बुलढाणा', 'बुलढाणा'),
(64, 'Buladhana', 'Chikhli', 'बुलढाणा', 'चिखली'),
(65, 'Buladhana', 'Deulgaon Raja', 'बुलढाणा', 'देऊळगाव राजा'),
(66, 'Buladhana', 'Jalgaon Jamod', 'बुलढाणा', 'जळगाव जामोद'),
(67, 'Buladhana', 'Sangrampur', 'बुलढाणा', 'संग्रामपूर'),
(68, 'Buladhana', 'Malkapur', 'बुलढाणा', 'मलकापूर'),
(69, 'Buladhana', 'Motala', 'बुलढाणा', 'मोताळा'),
(70, 'Buladhana', 'Nandura', 'बुलढाणा', 'नांदुरा'),
(71, 'Buladhana', 'Khamgaon', 'बुलढाणा', 'खामगाव'),
(72, 'Buladhana', 'Shegaon', 'बुलढाणा', 'शेगाव'),
(73, 'Buladhana', 'Mehkar', 'बुलढाणा', 'मेहकर'),
(74, 'Buladhana', 'Sindkhed Raja', 'बुलढाणा', 'सिंदखेड राजा'),
(75, 'Buladhana', 'Lonar', 'बुलढाणा', 'लोणार'),
(76, 'Chandrapur', 'Chandrapur', 'चंद्रपूर', 'चंद्रपूर'),
(77, 'Chandrapur', 'Saoli', 'चंद्रपूर', 'साओली'),
(78, 'Chandrapur', 'Mul', 'चंद्रपूर', 'मुल'),
(79, 'Chandrapur', 'Ballarpur', 'चंद्रपूर', 'बल्लारपूर'),
(80, 'Chandrapur', 'Pombhurna', 'चंद्रपूर', 'पोंभुर्णा'),
(81, 'Chandrapur', 'Gondpimpri', 'चंद्रपूर', 'गोंडपिंपरी'),
(82, 'Chandrapur', 'Warora', 'चंद्रपूर', 'वरोरा'),
(83, 'Chandrapur', 'Chimur', 'चंद्रपूर', 'चिमूर'),
(84, 'Chandrapur', 'Bhadravati', 'चंद्रपूर', 'भद्रावती'),
(85, 'Chandrapur', 'Bramhapuri', 'चंद्रपूर', 'ब्रम्हपुरी'),
(86, 'Chandrapur', 'Nagbhid', 'चंद्रपूर', 'नागभीड'),
(87, 'Chandrapur', 'Sindewahi', 'चंद्रपूर', 'सिंदेवाही'),
(88, 'Chandrapur', 'Rajura', 'चंद्रपूर', 'राजुरा'),
(89, 'Chandrapur', 'Korpana', 'चंद्रपूर', 'कोरपना'),
(90, 'Chandrapur', 'Jivati', 'चंद्रपूर', 'जिवती'),
(91, 'Dhule', 'Dhule', 'धुळे', 'धुळे'),
(92, 'Dhule', 'Sakri', 'धुळे', 'साक्री'),
(93, 'Dhule', 'Sindkheda', 'धुळे', 'सिंदखेडा'),
(94, 'Dhule', 'Shirpur', 'धुळे', 'शिरपूर'),
(95, 'Gadchiroli', 'Gadchiroli', 'गडचिरोली', 'गडचिरोली'),
(96, 'Gadchiroli', 'Dhanora', 'गडचिरोली', 'धानोरा'),
(97, 'Gadchiroli', 'Chamorshi', 'गडचिरोली', 'चामोर्शी'),
(98, 'Gadchiroli', 'Mulchera', 'गडचिरोली', 'मुलचेरा'),
(99, 'Gadchiroli', 'Desaiganj (Vadasa)', 'गडचिरोली', 'देसाईगंज (वडसा)'),
(100, 'Gadchiroli', 'Armori', 'गडचिरोली', 'आरमोरी'),
(101, 'Gadchiroli', 'Kurkheda', 'गडचिरोली', 'कुरखेडा'),
(102, 'Gadchiroli', 'Korchi', 'गडचिरोली', 'कोरची'),
(103, 'Gadchiroli', 'Aheri', 'गडचिरोली', 'अहेरी'),
(104, 'Gadchiroli', 'Bhamragad', 'गडचिरोली', 'भामरागड'),
(105, 'Gadchiroli', 'Sironcha', 'गडचिरोली', 'सिरोंचा'),
(106, 'Gondia', 'Gondia', 'गोंदिया', 'गोंदिया'),
(107, 'Gondia', 'Tirora', 'गोंदिया', 'तिरोरा'),
(108, 'Gondia', 'Goregaon', 'गोंदिया', 'गोरेगाव'),
(109, 'Gondia', 'Arjuni Morgaon', 'गोंदिया', 'अर्जुनी मोरगाव'),
(110, 'Gondia', 'Amgaon', 'गोंदिया', 'आमगाव'),
(111, 'Gondia', 'Salekasa', 'गोंदिया', 'सालेकसा'),
(112, 'Gondia', 'Sadak Arjuni', 'गोंदिया', 'सडक अर्जुनी'),
(113, 'Gondia', 'Deori', 'गोंदिया', 'देवरी'),
(114, 'Hingoli', 'Hingoli', 'हिंगोली', 'हिंगोली'),
(115, 'Hingoli', 'Sengaon', 'हिंगोली', 'सेनगाव'),
(116, 'Hingoli', 'Kalamnuri', 'हिंगोली', 'कळमनुरी'),
(117, 'Hingoli', 'Basmath', 'हिंगोली', 'बासमथ'),
(118, 'Hingoli', 'Aundha Nagnath', 'हिंगोली', 'औंढा नागनाथ'),
(119, 'Jalgaon', 'Jalgaon', 'जळगाव', 'जळगाव'),
(120, 'Jalgaon', 'Jamner', 'जळगाव', 'जामनेर'),
(121, 'Jalgaon', 'Erandol', 'जळगाव', 'एरंडोल'),
(122, 'Jalgaon', 'Dharangaon', 'जळगाव', 'धरणगाव'),
(123, 'Jalgaon', 'Bhusawal', 'जळगाव', 'भुसावळ'),
(124, 'Jalgaon', 'Raver', 'जळगाव', 'रावेर'),
(125, 'Jalgaon', 'Muktainagar (Edalabad)', 'जळगाव', 'मुक्ताईनगर (एदलाबाद)'),
(126, 'Jalgaon', 'Bodwad', 'जळगाव', 'बोदवड'),
(127, 'Jalgaon', 'Yawal', 'जळगाव', 'यावल'),
(128, 'Jalgaon', 'Amalner', 'जळगाव', 'अमळनेर'),
(129, 'Jalgaon', 'Parola', 'जळगाव', 'पारोळा'),
(130, 'Jalgaon', 'Chopda', 'जळगाव', 'चोपडा'),
(131, 'Jalgaon', 'Pachora', 'जळगाव', 'पाचोरा'),
(132, 'Jalgaon', 'Bhadgaon', 'जळगाव', 'भडगाव'),
(133, 'Jalgaon', 'Chalisgaon', 'जळगाव', 'चाळीसगाव'),
(134, 'Jalna', 'Jalna', 'जालना', 'जालना'),
(135, 'Jalna', 'Bhokardan', 'जालना', 'भोकरदन'),
(136, 'Jalna', 'Jafrabad', 'जालना', 'जाफ्राबाद'),
(137, 'Jalna', 'Badnapur', 'जालना', 'बदनापूर'),
(138, 'Jalna', 'Ambad', 'जालना', 'अंबड'),
(139, 'Jalna', 'Ghansawangi', 'जालना', 'घनसावंगी'),
(140, 'Jalna', 'Partur', 'जालना', 'परतूर'),
(141, 'Jalna', 'Mantha', 'जालना', 'मंथा'),
(142, 'Kolhapur', 'Karvir', 'कोल्हापूर', 'करवीर'),
(143, 'Kolhapur', 'Panhala', 'कोल्हापूर', 'पन्हाळा'),
(144, 'Kolhapur', 'Shahuwadi', 'कोल्हापूर', 'शाहूवाडी'),
(145, 'Kolhapur', 'Kagal', 'कोल्हापूर', 'कागल'),
(146, 'Kolhapur', 'Hatkanangale', 'कोल्हापूर', 'हातकणंगले'),
(147, 'Kolhapur', 'Shirol', 'कोल्हापूर', 'शिरोळ'),
(148, 'Kolhapur', 'Radhanagari', 'कोल्हापूर', 'राधानगरी'),
(149, 'Kolhapur', 'Gaganbawada', 'कोल्हापूर', 'गगनबावडा'),
(150, 'Kolhapur', 'Bhudargad', 'कोल्हापूर', 'भुदरगड'),
(151, 'Kolhapur', 'Gadhinglaj', 'कोल्हापूर', 'गडहिंग्लज'),
(152, 'Kolhapur', 'Chandgad', 'कोल्हापूर', 'चंदगड'),
(153, 'Kolhapur', 'Ajra', 'कोल्हापूर', 'आजरा'),
(154, 'Latur', 'Latur', 'लातूर', 'लातूर'),
(155, 'Latur', 'Renapur', 'लातूर', 'रेणापूर'),
(156, 'Latur', 'Ahmedpur', 'लातूर', 'अहमदपूर'),
(157, 'Latur', 'Jalkot', 'लातूर', 'जळकोट'),
(158, 'Latur', 'Chakur', 'लातूर', 'चाकूर'),
(159, 'Latur', 'Shirur Anantpal', 'लातूर', 'शिरूर अनंतपाळ'),
(160, 'Latur', 'Ausa', 'लातूर', 'औसा'),
(161, 'Latur', 'Nilanga', 'लातूर', 'निलंगा'),
(162, 'Latur', 'Deoni', 'लातूर', 'देवनी'),
(163, 'Latur', 'Udgir', 'लातूर', 'उदगीर'),
(164, 'Mumbai City', 'Kurla', 'मुंबई शहर', 'कुर्ला'),
(165, 'Mumbai City', 'Andheri', 'मुंबई शहर', 'अंधेरी'),
(166, 'Mumbai City', 'Borivali', 'मुंबई शहर', 'बोरिवली'),
(167, 'Nagpur', 'Nagpur (Urban)', 'नागपूर', 'नागपूर (शहरी)'),
(168, 'Nagpur', 'Nagpur (Rural)', 'नागपूर', 'नागपूर (ग्रामीण)'),
(169, 'Nagpur', 'Kamptee', 'नागपूर', 'कॅम्पटी'),
(170, 'Nagpur', 'Hingna', 'नागपूर', 'हिंगणा'),
(171, 'Nagpur', 'Katol', 'नागपूर', 'काटोल'),
(172, 'Nagpur', 'Narkhed', 'नागपूर', 'नरखेड'),
(173, 'Nagpur', 'Savner', 'नागपूर', 'सावनेर'),
(174, 'Nagpur', 'Kalameshwar', 'नागपूर', 'कळमेश्वर'),
(175, 'Nagpur', 'Ramtek', 'नागपूर', 'रामटेक'),
(176, 'Nagpur', 'Mouda', 'नागपूर', 'मौदा'),
(177, 'Nagpur', 'Parseoni', 'नागपूर', 'परसोनी'),
(178, 'Nagpur', 'Umred', 'नागपूर', 'उमरेड'),
(179, 'Nagpur', 'Kuhi', 'नागपूर', 'कुही'),
(180, 'Nagpur', 'Bhiwapur', 'नागपूर', 'भिवापूर'),
(181, 'Nanded', 'Nanded', 'नांदेड', 'नांदेड'),
(182, 'Nanded', 'Ardhapur', 'नांदेड', 'अर्धापूर'),
(183, 'Nanded', 'Mudkhed', 'नांदेड', 'मुदखेड'),
(184, 'Nanded', 'Bhokar', 'नांदेड', 'भोकर'),
(185, 'Nanded', 'Umri', 'नांदेड', 'उमरी'),
(186, 'Nanded', 'Loha', 'नांदेड', 'लोहा'),
(187, 'Nanded', 'Kandhar', 'नांदेड', 'कंधार'),
(188, 'Nanded', 'Kinwat', 'नांदेड', 'किनवट'),
(189, 'Nanded', 'Himayatnagar', 'नांदेड', 'हिमायतनगर'),
(190, 'Nanded', 'Hadgaon', 'नांदेड', 'हदगाव'),
(191, 'Nanded', 'Mahur', 'नांदेड', 'माहूर'),
(192, 'Nanded', 'Deglur', 'नांदेड', 'देगलूर'),
(193, 'Nanded', 'Mukhed', 'नांदेड', 'मुखेड'),
(194, 'Nanded', 'Dharmabad', 'नांदेड', 'धर्माबाद'),
(195, 'Nanded', 'Biloli', 'नांदेड', 'बिलोली'),
(196, 'Nanded', 'Naigaon (Khairgaon)', 'नांदेड', 'नायगाव (खैरगाव)'),
(197, 'Nandurbar', 'Nandurbar', 'नंदुरबार', 'नंदुरबार'),
(198, 'Nandurbar', 'Navapur', 'नंदुरबार', 'नवापूर'),
(199, 'Nandurbar', 'Shahada', 'नंदुरबार', 'शहादा'),
(200, 'Nandurbar', 'Taloda', 'नंदुरबार', 'तळोदा'),
(201, 'Nandurbar', 'Akkalkuwa', 'नंदुरबार', 'अक्कलकुवा'),
(202, 'Nandurbar', 'Akrani (Dhadgaon)', 'नंदुरबार', 'अक्राणी (धडगाव)'),
(203, 'Nashik', 'Nashik', 'नाशिक', 'नाशिक'),
(204, 'Nashik', 'Igatpuri', 'नाशिक', 'इगतपुरी'),
(205, 'Nashik', 'Dindori', 'नाशिक', 'दिंडोरी'),
(206, 'Nashik', 'Peth', 'नाशिक', 'पेठ'),
(207, 'Nashik', 'Trimbakeshwar', 'नाशिक', 'त्र्यंबकेश्वर'),
(208, 'Nashik', 'Kalwan', 'नाशिक', 'कळवण'),
(209, 'Nashik', 'Deola', 'नाशिक', 'देवळा'),
(210, 'Nashik', 'Surgana', 'नाशिक', 'सुरगाणा'),
(211, 'Nashik', 'Baglan (Satana)', 'नाशिक', 'बागलाण (सटाणा)'),
(212, 'Nashik', 'Malegaon', 'नाशिक', 'मालेगाव'),
(213, 'Nashik', 'Nandgaon', 'नाशिक', 'नांदगाव'),
(214, 'Nashik', 'Chandwad', 'नाशिक', 'चांदवड'),
(215, 'Nashik', 'Niphad', 'नाशिक', 'निफाड'),
(216, 'Nashik', 'Sinnar', 'नाशिक', 'सिन्नर'),
(217, 'Nashik', 'Yeola', 'नाशिक', 'येवला'),
(218, 'Osmanabad', 'Osmanabad', 'उस्मानाबाद', 'उस्मानाबाद'),
(219, 'Osmanabad', 'Tuljapur', 'उस्मानाबाद', 'तुळजापूर'),
(220, 'Osmanabad', 'Bhum', 'उस्मानाबाद', 'भूम'),
(221, 'Osmanabad', 'Paranda', 'उस्मानाबाद', 'परंडा'),
(222, 'Osmanabad', 'Washi', 'उस्मानाबाद', 'वाशी'),
(223, 'Osmanabad', 'Kalamb', 'उस्मानाबाद', 'कळंब'),
(224, 'Osmanabad', 'Lohara', 'उस्मानाबाद', 'लोहारा'),
(225, 'Osmanabad', 'Umarga', 'उस्मानाबाद', 'उमरगा'),
(226, 'Palghar', 'Palghar', 'पालघर', 'पालघर'),
(227, 'Palghar', 'Vasai', 'पालघर', 'वसई'),
(228, 'Palghar', 'Dahanu', 'पालघर', 'डहाणू'),
(229, 'Palghar', 'Talasari', 'पालघर', 'तलासरी'),
(230, 'Palghar', 'Jawhar', 'पालघर', 'जव्हार'),
(231, 'Palghar', 'Mokhada', 'पालघर', 'मोखाडा'),
(232, 'Palghar', 'Vada', 'पालघर', 'वडा'),
(233, 'Palghar', 'Vikramgad', 'पालघर', 'विक्रमगड'),
(234, 'Parbhani', 'Parbhani', 'परभणी', 'परभणी'),
(235, 'Parbhani', 'Sonpeth', 'परभणी', 'सोनपेठ'),
(236, 'Parbhani', 'Gangakhed', 'परभणी', 'गंगाखेड'),
(237, 'Parbhani', 'Palam', 'परभणी', 'पालम'),
(238, 'Parbhani', 'Purna', 'परभणी', 'पूर्णा'),
(239, 'Parbhani', 'Sailu', 'परभणी', 'सायलू'),
(240, 'Parbhani', 'Jintur', 'परभणी', 'जिंतूर'),
(241, 'Parbhani', 'Manwath', 'परभणी', 'मनवथ'),
(242, 'Parbhani', 'Pathri', 'परभणी', 'पाथरी'),
(243, 'Pune', 'Pune City', 'पुणे', 'पुणे शहर'),
(244, 'Pune', 'Haveli', 'पुणे', 'हवेली'),
(245, 'Pune', 'Khed (Rajgurunagar)', 'पुणे', 'खेड (राजगुरुनगर)'),
(246, 'Pune', 'Junnar', 'पुणे', 'जुन्नर'),
(247, 'Pune', 'Ambegaon (Ghodegaon)', 'पुणे', 'आंबेगाव (घोडेगाव)'),
(248, 'Pune', 'Maval (Vadgaon)', 'पुणे', 'मावळ (वडगाव)'),
(249, 'Pune', 'Mulshi (Paud)', 'पुणे', 'मुळशी (पौड)'),
(250, 'Pune', 'Shirur', 'पुणे', 'शिरूर'),
(251, 'Pune', 'Purandhar (Saswad)', 'पुणे', 'पुरंधर (सासवड)'),
(252, 'Pune', 'Velhe', 'पुणे', 'वेल्हे'),
(253, 'Pune', 'Bhor', 'पुणे', 'भोर'),
(254, 'Pune', 'Baramati', 'पुणे', 'बारामती'),
(255, 'Pune', 'Indapur', 'पुणे', 'इंदापूर'),
(256, 'Pune', 'Daund', 'पुणे', 'दौंड'),
(257, 'Raigad', 'Pen', 'रायगड', 'पेन'),
(258, 'Raigad', 'Alibaug', 'रायगड', 'अलिबाग'),
(259, 'Raigad', 'Murud', 'रायगड', 'मुरुड'),
(260, 'Raigad', 'Panvel', 'रायगड', 'पनवेल'),
(261, 'Raigad', 'Uran', 'रायगड', 'उरण'),
(262, 'Raigad', 'Karjat (Matheran)', 'रायगड', 'कर्जत (माथेरान)'),
(263, 'Raigad', 'Khalapur', 'रायगड', 'खालापूर'),
(264, 'Raigad', 'Mangaon', 'रायगड', 'माणगाव'),
(265, 'Raigad', 'Tala', 'रायगड', 'तळा'),
(266, 'Raigad', 'Roha', 'रायगड', 'रोहा'),
(267, 'Raigad', 'Sudhagad (Pali)', 'रायगड', 'सुधागड (पाली)'),
(268, 'Raigad', 'Mahad', 'रायगड', 'महाड'),
(269, 'Raigad', 'Poladpur', 'रायगड', 'पोलादपूर'),
(270, 'Raigad', 'Shrivardhan', 'रायगड', 'श्रीवर्धन'),
(271, 'Raigad', 'Mhasla', 'रायगड', 'म्हसळा'),
(272, 'Ratnagiri', 'Ratnagiri', 'रत्नागिरी', 'रत्नागिरी'),
(273, 'Ratnagiri', 'Sangameshwar (Deorukh)', 'रत्नागिरी', 'संगमेश्वर (देरूख)'),
(274, 'Ratnagiri', 'Lanja', 'रत्नागिरी', 'लांजा'),
(275, 'Ratnagiri', 'Rajapur', 'रत्नागिरी', 'राजापूर'),
(276, 'Ratnagiri', 'Chiplun', 'रत्नागिरी', 'चिपळूण'),
(277, 'Ratnagiri', 'Guhagar', 'रत्नागिरी', 'गुहागर'),
(278, 'Ratnagiri', 'Dapoli', 'रत्नागिरी', 'दापोली'),
(279, 'Ratnagiri', 'Mandangad', 'रत्नागिरी', 'मंडणगड'),
(280, 'Ratnagiri', 'Khed', 'रत्नागिरी', 'खेड'),
(281, 'Sangli', 'Miraj', 'सांगली', 'मिरज'),
(282, 'Sangli', 'Kavathe-Mahankal', 'सांगली', 'कवठे-महांकाळ'),
(283, 'Sangli', 'Tasgaon', 'सांगली', 'तासगाव'),
(284, 'Sangli', 'Jat', 'सांगली', 'जाट'),
(285, 'Sangli', 'Walwa (Islampur)', 'सांगली', 'वाळवा (इस्लामपूर)'),
(286, 'Sangli', 'Shirala', 'सांगली', 'शिराळा'),
(287, 'Sangli', 'Khanapur-Vita', 'सांगली', 'खानापूर-विटा'),
(288, 'Sangli', 'Atpadi', 'सांगली', 'आटपाडी'),
(289, 'Sangli', 'Palus', 'सांगली', 'पलूस'),
(290, 'Sangli', 'Kadegaon', 'सांगली', 'कडेगाव'),
(291, 'Satara', 'Satara', 'सातारा', 'सातारा'),
(292, 'Satara', 'Jaoli', 'सातारा', 'जाओली'),
(293, 'Satara', 'Koregaon', 'सातारा', 'कोरेगाव'),
(294, 'Satara', 'Wai', 'सातारा', 'वाई'),
(295, 'Satara', 'Mahabaleshwar', 'सातारा', 'महाबळेश्वर'),
(296, 'Satara', 'Khandala', 'सातारा', 'खंडाळा'),
(297, 'Satara', 'Phaltan', 'सातारा', 'फलटण'),
(298, 'Satara', 'Maan (Dahiwadi)', 'सातारा', 'मान (दहिवडी)'),
(299, 'Satara', 'Khatav (Vaduj)', 'सातारा', 'खटाव (वडूज)'),
(300, 'Satara', 'Patan', 'सातारा', 'पाटण'),
(301, 'Satara', 'Karad', 'सातारा', 'कराड'),
(302, 'Sindhudurg', 'Kankavli', 'सिंधुदुर्ग', 'कणकवली'),
(303, 'Sindhudurg', 'Vaibhavwadi', 'सिंधुदुर्ग', 'वैभववाडी'),
(304, 'Sindhudurg', 'Devgad', 'सिंधुदुर्ग', 'देवगड'),
(305, 'Sindhudurg', 'Malwan', 'सिंधुदुर्ग', 'मालवण'),
(306, 'Sindhudurg', 'Sawantwadi', 'सिंधुदुर्ग', 'सावंतवाडी'),
(307, 'Sindhudurg', 'Kudal', 'सिंधुदुर्ग', 'कुडाळ'),
(308, 'Sindhudurg', 'Vengurla', 'सिंधुदुर्ग', 'वेंगुर्ला'),
(309, 'Sindhudurg', 'Dodamarg (Kasal)', 'सिंधुदुर्ग', 'दोडामार्ग (कसाल)'),
(310, 'Solapur', 'Solapur North', 'सोलापूर', 'सोलापूर उत्तर'),
(311, 'Solapur', 'Barshi', 'सोलापूर', 'बार्शी'),
(312, 'Solapur', 'Solapur South', 'सोलापूर', 'सोलापूर दक्षिण'),
(313, 'Solapur', 'Akkalkot', 'सोलापूर', 'अक्कलकोट'),
(314, 'Solapur', 'Madha', 'सोलापूर', 'मधा'),
(315, 'Solapur', 'Karmala', 'सोलापूर', 'करमाळा'),
(316, 'Solapur', 'Pandharpur', 'सोलापूर', 'पंढरपूर'),
(317, 'Solapur', 'Mohol', 'सोलापूर', 'मोहोळ'),
(318, 'Solapur', 'Malshiras', 'सोलापूर', 'माळशिरस'),
(319, 'Solapur', 'Sangole', 'सोलापूर', 'सांगोळे'),
(320, 'Solapur', 'Mangalvedhe', 'सोलापूर', 'मंगळवेढा'),
(321, 'Thane', 'Thane', 'ठाणे', 'ठाणे'),
(322, 'Thane', 'Kalyan', 'ठाणे', 'कल्याण'),
(323, 'Thane', 'Murbad', 'ठाणे', 'मुरबाड'),
(324, 'Thane', 'Bhiwandi', 'ठाणे', 'भिवंडी'),
(325, 'Thane', 'Shahapur', 'ठाणे', 'शहापूर'),
(326, 'Thane', 'Ulhasnagar', 'ठाणे', 'उल्हासनगर'),
(327, 'Thane', 'Ambarnath', 'ठाणे', 'अंबरनाथ'),
(328, 'Wardha', 'Wardha', 'वर्धा', 'वर्धा'),
(329, 'Wardha', 'Deoli', 'वर्धा', 'देवळी'),
(330, 'Wardha', 'Seloo', 'वर्धा', 'सेलू'),
(331, 'Wardha', 'Arvi', 'वर्धा', 'आर्वी'),
(332, 'Wardha', 'Ashti', 'वर्धा', 'आष्टी'),
(333, 'Wardha', 'Karanja', 'वर्धा', 'कारंजा'),
(334, 'Wardha', 'Hinganghat', 'वर्धा', 'हिंगणघाट'),
(335, 'Wardha', 'Samudrapur', 'वर्धा', 'समुद्रपूर'),
(336, 'Washim', 'Washim', 'वाशिम', 'वाशिम'),
(337, 'Washim', 'Malegaon', 'वाशिम', 'मालेगाव'),
(338, 'Washim', 'Risod', 'वाशिम', 'रिसोड'),
(339, 'Washim', 'Mangrulpir', 'वाशिम', 'मंगरुळपीर'),
(340, 'Washim', 'Karanja', 'वाशिम', 'कारंजा'),
(341, 'Washim', 'Manora', 'वाशिम', 'मानोरा'),
(342, 'Yavatmal', 'Yavatmal', 'यवतमाळ', 'यवतमाळ'),
(343, 'Yavatmal', 'Arni', 'यवतमाळ', 'आर्णी'),
(344, 'Yavatmal', 'Babhulgaon', 'यवतमाळ', 'बाभुळगाव'),
(345, 'Yavatmal', 'Kalamb', 'यवतमाळ', 'कळंब'),
(346, 'Yavatmal', 'Darwha', 'यवतमाळ', 'दारव्हा'),
(347, 'Yavatmal', 'Digras', 'यवतमाळ', 'दिग्रस'),
(348, 'Yavatmal', 'Ner', 'यवतमाळ', 'नेर'),
(349, 'Yavatmal', 'Pusad', 'यवतमाळ', 'पुसद'),
(350, 'Yavatmal', 'Umarkhed', 'यवतमाळ', 'उमरखेड'),
(351, 'Yavatmal', 'Mahagaon', 'यवतमाळ', 'महागाव'),
(352, 'Yavatmal', 'Kelapur (Pandharkawada)', 'यवतमाळ', 'केळापूर (पांढरकवडा)'),
(353, 'Yavatmal', 'Ralegaon', 'यवतमाळ', 'राळेगाव'),
(354, 'Yavatmal', 'Ghatanji', 'यवतमाळ', 'घाटंजी'),
(355, 'Yavatmal', 'Wani', 'यवतमाळ', 'वणी'),
(356, 'Yavatmal', 'Maregaon', 'यवतमाळ', 'मारेगाव'),
(357, 'Yavatmal', 'Zari Jamani', 'यवतमाळ', 'जरी जमनी');

-- --------------------------------------------------------

--
-- Table structure for table `villages`
--

CREATE TABLE `villages` (
  `village_id` int(11) NOT NULL,
  `district_name` varchar(100) NOT NULL,
  `taluka_name` varchar(100) NOT NULL,
  `village_name` varchar(100) NOT NULL,
  `district_name_marathi` varchar(100) NOT NULL,
  `taluka_name_marathi` varchar(100) NOT NULL,
  `village_name_marathi` varchar(100) NOT NULL
) ENGINE=MyISAM DEFAULT CHARSET=utf8;

--
-- Dumping data for table `villages`
--

INSERT INTO `villages` (`village_id`, `district_name`, `taluka_name`, `village_name`, `district_name_marathi`, `taluka_name_marathi`, `village_name_marathi`) VALUES
(1, 'Nandurbar', 'Navapur', 'Adalse', 'नंदुरबार ', 'नवापूर ', 'अडळसे'),
(2, 'Nandurbar', 'Navapur', 'Amlan', 'नंदुरबार ', 'नवापूर ', 'आमलाण'),
(3, 'Nandurbar', 'Navapur', 'Amsarpada', 'नंदुरबार ', 'नवापूर ', 'आमसरपाडा'),
(4, 'Nandurbar', 'Navapur', 'Anjane', 'नंदुरबार ', 'नवापूर ', 'अंजने'),
(5, 'Nandurbar', 'Navapur', 'Anthipada', 'नंदुरबार ', 'नवापूर ', 'अंठिपाडा'),
(6, 'Nandurbar', 'Navapur', 'Balamarai', 'नंदुरबार ', 'नवापूर ', 'बालअमराई'),
(7, 'Nandurbar', 'Navapur', 'Bandhare', 'नंदुरबार ', 'नवापूर ', 'बंधारे'),
(8, 'Nandurbar', 'Navapur', 'Bandharfali', 'नंदुरबार ', 'नवापूर ', 'बंधारफळी'),
(9, 'Nandurbar', 'Navapur', 'Bandharpada', 'नंदुरबार ', 'नवापूर ', 'बंधारपाडा'),
(10, 'Nandurbar', 'Navapur', 'Bardipada', 'नंदुरबार ', 'नवापूर ', 'बर्डीपाडा'),
(11, 'Nandurbar', 'Navapur', 'Bari', 'नंदुरबार ', 'नवापूर ', 'बारी'),
(12, 'Nandurbar', 'Navapur', 'Bedki', 'नंदुरबार ', 'नवापूर ', 'बेडकी'),
(13, 'Nandurbar', 'Navapur', 'Bedkipada (525795)', 'नंदुरबार ', 'नवापूर ', 'बेडकीपाडा (525795)'),
(14, 'Nandurbar', 'Navapur', 'Bedkipada (525799)', 'नंदुरबार ', 'नवापूर ', 'बेडकीपाडा (525799)'),
(15, 'Nandurbar', 'Navapur', 'Bhadwad', 'नंदुरबार ', 'नवापूर ', 'भादवड'),
(16, 'Nandurbar', 'Navapur', 'Bhamarmal', 'नंदुरबार ', 'नवापूर ', 'भामरमाळ'),
(17, 'Nandurbar', 'Navapur', 'Bhangarpada', 'नंदुरबार ', 'नवापूर ', 'भांगरपाडा'),
(18, 'Nandurbar', 'Navapur', 'Bhardu', 'नंदुरबार ', 'नवापूर ', 'भरडू'),
(19, 'Nandurbar', 'Navapur', 'Bhavare', 'नंदुरबार ', 'नवापूर ', 'भवरे'),
(20, 'Nandurbar', 'Navapur', 'Bijadevi', 'नंदुरबार ', 'नवापूर ', 'बिजादेवी'),
(21, 'Nandurbar', 'Navapur', 'Bijgaon', 'नंदुरबार ', 'नवापूर ', 'बिजगांव'),
(22, 'Nandurbar', 'Navapur', 'Bilbare', 'नंदुरबार ', 'नवापूर ', 'बिलबारे'),
(23, 'Nandurbar', 'Navapur', 'Bilda', 'नंदुरबार ', 'नवापूर ', 'बिलदा'),
(24, 'Nandurbar', 'Navapur', 'Bilgavhan', 'नंदुरबार ', 'नवापूर ', 'बिलगव्हाण'),
(25, 'Nandurbar', 'Navapur', 'Bilipada', 'नंदुरबार ', 'नवापूर ', 'बिलीपाडा'),
(26, 'Nandurbar', 'Navapur', 'Bilmajer', 'नंदुरबार ', 'नवापूर ', 'बिलमांजरे'),
(27, 'Nandurbar', 'Navapur', 'Bokalzar', 'नंदुरबार ', 'नवापूर ', 'बोकळझर'),
(28, 'Nandurbar', 'Navapur', 'Borchak', 'नंदुरबार ', 'नवापूर ', 'बोरचक'),
(29, 'Nandurbar', 'Navapur', 'Borpada', 'नंदुरबार ', 'नवापूर ', 'बोरपाडा'),
(30, 'Nandurbar', 'Navapur', 'Borzar', 'नंदुरबार ', 'नवापूर ', 'बोरझर'),
(31, 'Nandurbar', 'Navapur', 'Chedapada', 'नंदुरबार ', 'नवापूर ', 'चेडापाडा'),
(32, 'Nandurbar', 'Navapur', 'Chhirve', 'नंदुरबार ', 'नवापूर ', 'छीर्वे'),
(33, 'Nandurbar', 'Navapur', 'Chikhali', 'नंदुरबार ', 'नवापूर ', 'चिखली'),
(34, 'Nandurbar', 'Navapur', 'Chinchpada', 'नंदुरबार ', 'नवापूर ', 'चिंचपाडा'),
(35, 'Nandurbar', 'Navapur', 'Chitavi', 'नंदुरबार ', 'नवापूर ', 'चितवी'),
(36, 'Nandurbar', 'Navapur', 'Chorvihir', 'नंदुरबार ', 'नवापूर ', 'चोरविहिर'),
(37, 'Nandurbar', 'Navapur', 'Chouki', 'नंदुरबार ', 'नवापूर ', 'चौकी'),
(38, 'Nandurbar', 'Navapur', 'Dapur', 'नंदुरबार ', 'नवापूर ', 'दापूर'),
(39, 'Nandurbar', 'Navapur', 'Deolipada (525841)', 'नंदुरबार ', 'नवापूर ', 'देवळीपाडा (525841)'),
(40, 'Nandurbar', 'Navapur', 'Deolipada (525912)', 'नंदुरबार ', 'नवापूर ', 'देवळीपाडा (525912)'),
(41, 'Nandurbar', 'Navapur', 'Deomogara', 'नंदुरबार ', 'नवापूर ', 'देवमोगरा'),
(42, 'Nandurbar', 'Navapur', 'Dhanrat', 'नंदुरबार ', 'नवापूर ', 'धनराट'),
(43, 'Nandurbar', 'Navapur', 'Dhavalipada', 'नंदुरबार ', 'नवापूर ', 'धवळीपाडा'),
(44, 'Nandurbar', 'Navapur', 'Dhong', 'नंदुरबार ', 'नवापूर ', 'ढोंग'),
(45, 'Nandurbar', 'Navapur', 'Dhulipada', 'नंदुरबार ', 'नवापूर ', 'धुळीपाडा'),
(46, 'Nandurbar', 'Navapur', 'Dogegaon', 'नंदुरबार ', 'नवापूर ', 'डोगेगाव'),
(47, 'Nandurbar', 'Navapur', 'Dudhave', 'नंदुरबार ', 'नवापूर ', 'दुधवे'),
(48, 'Nandurbar', 'Navapur', 'Gadad', 'नंदुरबार ', 'नवापूर ', 'गडद'),
(49, 'Nandurbar', 'Navapur', 'Gangapur', 'नंदुरबार ', 'नवापूर ', 'गंगापूर'),
(50, 'Nandurbar', 'Navapur', 'Ghodajamane', 'नंदुरबार ', 'नवापूर ', 'घोडजामणे'),
(51, 'Nandurbar', 'Navapur', 'Ghogal', 'नंदुरबार ', 'नवापूर ', 'घॊगळपाडा'),
(52, 'Nandurbar', 'Navapur', 'Gokul Nagar', 'नंदुरबार ', 'नवापूर ', 'गोकुळ नगर'),
(53, 'Nandurbar', 'Navapur', 'Haldani', 'नंदुरबार ', 'नवापूर ', 'हळदाणी'),
(54, 'Nandurbar', 'Navapur', 'Hirafali', 'नंदुरबार ', 'नवापूर ', 'हिराफळी'),
(55, 'Nandurbar', 'Navapur', 'Jamade', 'नंदुरबार ', 'नवापूर ', 'जामदे'),
(56, 'Nandurbar', 'Navapur', 'Jamtalav', 'नंदुरबार ', 'नवापूर ', 'जामतलाव'),
(57, 'Nandurbar', 'Navapur', 'Kadwan', 'नंदुरबार ', 'नवापूर ', 'कडवान'),
(58, 'Nandurbar', 'Navapur', 'Kamod', 'नंदुरबार ', 'नवापूर ', 'कामोद'),
(59, 'Nandurbar', 'Navapur', 'Karanjali', 'नंदुरबार ', 'नवापूर ', 'करंजाळी'),
(60, 'Nandurbar', 'Navapur', 'Karanji Bk', 'नंदुरबार ', 'नवापूर ', 'करंजी बु.'),
(61, 'Nandurbar', 'Navapur', 'Karanji Kh', 'नंदुरबार ', 'नवापूर ', 'करंजी खुर्द'),
(62, 'Nandurbar', 'Navapur', 'Karanjvel', 'नंदुरबार ', 'नवापूर ', 'करंजवेल'),
(63, 'Nandurbar', 'Navapur', 'Kareghat', 'नंदुरबार ', 'नवापूर ', 'कारेघाट'),
(64, 'Nandurbar', 'Navapur', 'Kasare', 'नंदुरबार ', 'नवापूर ', 'कासारे'),
(65, 'Nandurbar', 'Navapur', 'Keli', 'नंदुरबार ', 'नवापूर ', 'केळी'),
(66, 'Nandurbar', 'Navapur', 'Kelpada', 'नंदुरबार ', 'नवापूर ', 'केलपाडा'),
(67, 'Nandurbar', 'Navapur', 'Khadki', 'नंदुरबार ', 'नवापूर ', 'खडकी'),
(68, 'Nandurbar', 'Navapur', 'Khairve', 'नंदुरबार ', 'नवापूर ', 'खैरवे'),
(69, 'Nandurbar', 'Navapur', 'Khalibardi', 'नंदुरबार ', 'नवापूर ', 'खळीबर्डी'),
(70, 'Nandurbar', 'Navapur', 'Khanapur', 'नंदुरबार ', 'नवापूर ', 'खानापुर'),
(71, 'Nandurbar', 'Navapur', 'Khandbara (CT)', 'नंदुरबार ', 'नवापूर ', 'खांडबारा'),
(72, 'Nandurbar', 'Navapur', 'Kharje', 'नंदुरबार ', 'नवापूर ', 'खर्जे'),
(73, 'Nandurbar', 'Navapur', 'Khatgaon', 'नंदुरबार ', 'नवापूर ', 'खातगाव'),
(74, 'Nandurbar', 'Navapur', 'Khekada', 'नंदुरबार ', 'नवापूर ', 'खेकडा'),
(75, 'Nandurbar', 'Navapur', 'Khokarwada', 'नंदुरबार ', 'नवापूर ', 'खोकरवाडा'),
(76, 'Nandurbar', 'Navapur', 'Khokase', 'नंदुरबार ', 'नवापूर ', 'खोकसे'),
(77, 'Nandurbar', 'Navapur', 'Kholghar', 'नंदुरबार ', 'नवापूर ', 'खोलघर'),
(78, 'Nandurbar', 'Navapur', 'Kholvihir', 'नंदुरबार ', 'नवापूर ', 'खोलविहीर'),
(79, 'Nandurbar', 'Navapur', 'Kokanipada', 'नंदुरबार ', 'नवापूर ', 'कोकणीपाडा'),
(80, 'Nandurbar', 'Navapur', 'Kolde', 'नंदुरबार ', 'नवापूर ', 'कोळदे'),
(81, 'Nandurbar', 'Navapur', 'Kothada', 'नंदुरबार ', 'नवापूर ', 'कोठडा'),
(82, 'Nandurbar', 'Navapur', 'Kotkhamb', 'नंदुरबार ', 'नवापूर ', 'कोट्खांब'),
(83, 'Nandurbar', 'Navapur', 'Kukaran', 'नंदुरबार ', 'नवापूर ', 'कुकराण'),
(84, 'Nandurbar', 'Navapur', 'Lakkadkot', 'नंदुरबार ', 'नवापूर ', 'लक्कडकोट'),
(85, 'Nandurbar', 'Navapur', 'Mahalkadu', 'नंदुरबार ', 'नवापूर ', 'महालकडू'),
(86, 'Nandurbar', 'Navapur', 'Malai', 'नंदुरबार ', 'नवापूर ', 'मलाई'),
(87, 'Nandurbar', 'Navapur', 'Malvan', 'नंदुरबार ', 'नवापूर ', 'मळवान'),
(88, 'Nandurbar', 'Navapur', 'Marod', 'नंदुरबार ', 'नवापूर ', 'मरोड'),
(89, 'Nandurbar', 'Navapur', 'Menatalav', 'नंदुरबार ', 'नवापूर ', 'मेनतलाव'),
(90, 'Nandurbar', 'Navapur', 'Mendipada', 'नंदुरबार ', 'नवापूर ', 'मेंदिपाडा'),
(91, 'Nandurbar', 'Navapur', 'Mogarani', 'नंदुरबार ', 'नवापूर ', 'मोग्राणी'),
(92, 'Nandurbar', 'Navapur', 'Morkaranje', 'नंदुरबार ', 'नवापूर ', 'मोरकरंजे'),
(93, 'Nandurbar', 'Navapur', 'Morthuwa', 'नंदुरबार ', 'नवापूर ', 'मोरथुवा'),
(94, 'Nandurbar', 'Navapur', 'Mothe Kodwan', 'नंदुरबार ', 'नवापूर ', 'मोठे कडवान'),
(95, 'Nandurbar', 'Navapur', 'Moulipada', 'नंदुरबार ', 'नवापूर ', 'मौलीपाडा'),
(96, 'Nandurbar', 'Navapur', 'Nagare', 'नंदुरबार ', 'नवापूर ', 'नागारे'),
(97, 'Nandurbar', 'Navapur', 'Nagziri', 'नंदुरबार ', 'नवापूर ', 'नागझरी'),
(98, 'Nandurbar', 'Navapur', 'Nanagipada', 'नंदुरबार ', 'नवापूर ', 'नानगीपाडा'),
(99, 'Nandurbar', 'Navapur', 'Nandvan', 'नंदुरबार ', 'नवापूर ', 'नांदवण'),
(100, 'Nandurbar', 'Navapur', 'Navagaon', 'नंदुरबार ', 'नवापूर ', 'नवागाव'),
(101, 'Nandurbar', 'Navapur', 'Navali', 'नंदुरबार ', 'नवापूर ', 'नावली'),
(102, 'Nandurbar', 'Navapur', 'Navi Sawarat', 'नंदुरबार ', 'नवापूर ', 'नवी सावरट'),
(103, 'Nandurbar', 'Navapur', 'Nawapada (525813)', 'नंदुरबार ', 'नवापूर ', 'नवापाडा (525813)'),
(104, 'Nandurbar', 'Navapur', 'Nawapada (525916)', 'नंदुरबार ', 'नवापूर ', 'नवापाडा (525916)'),
(105, 'Nandurbar', 'Navapur', 'Nawapur (M Cl)', 'नंदुरबार ', 'नवापूर ', 'नवापूर (शहरी)'),
(106, 'Nandurbar', 'Navapur', 'Nawapur (Rual)', 'नंदुरबार ', 'नवापूर ', 'नवापुर (ग्रामीण)'),
(107, 'Nandurbar', 'Navapur', 'Nijampur', 'नंदुरबार ', 'नवापूर ', 'निजामपूर'),
(108, 'Nandurbar', 'Navapur', 'Nimboni', 'नंदुरबार ', 'नवापूर ', 'निंबोणी'),
(109, 'Nandurbar', 'Navapur', 'Nimdarde', 'नंदुरबार ', 'नवापूर ', 'निमदर्डे'),
(110, 'Nandurbar', 'Navapur', 'Pachamba', 'नंदुरबार ', 'नवापूर ', 'पाचंबा'),
(111, 'Nandurbar', 'Navapur', 'Palipada', 'नंदुरबार ', 'नवापूर ', 'पालीपाडा'),
(112, 'Nandurbar', 'Navapur', 'Palshi', 'नंदुरबार ', 'नवापूर ', 'पळशी'),
(113, 'Nandurbar', 'Navapur', 'Palsun', 'नंदुरबार ', 'नवापूर ', 'पळसून'),
(114, 'Nandurbar', 'Navapur', 'Pangaran', 'नंदुरबार ', 'नवापूर ', 'पांगराण'),
(115, 'Nandurbar', 'Navapur', 'Pati', 'नंदुरबार ', 'नवापूर ', 'पाटीबेडकी'),
(116, 'Nandurbar', 'Navapur', 'Payarvihir', 'नंदुरबार ', 'नवापूर ', 'पायरविहिर'),
(117, 'Nandurbar', 'Navapur', 'Pimpale', 'नंदुरबार ', 'नवापूर ', 'पिंपळे'),
(118, 'Nandurbar', 'Navapur', 'Pimpran', 'नंदुरबार ', 'नवापूर ', 'पिंपराण'),
(119, 'Nandurbar', 'Navapur', 'Pratappur', 'नंदुरबार ', 'नवापूर ', 'प्रतापपूर'),
(120, 'Nandurbar', 'Navapur', 'Raingan', 'नंदुरबार ', 'नवापूर ', 'रायंगण'),
(121, 'Nandurbar', 'Navapur', 'Raipur', 'नंदुरबार ', 'नवापूर ', 'रायपुर'),
(122, 'Nandurbar', 'Navapur', 'Sagali', 'नंदुरबार ', 'नवापूर ', 'सागाळी'),
(123, 'Nandurbar', 'Navapur', 'Salwan', 'नंदुरबार ', 'नवापूर ', 'सालवन'),
(124, 'Nandurbar', 'Navapur', 'Sari', 'नंदुरबार ', 'नवापूर ', 'सरी'),
(125, 'Nandurbar', 'Navapur', 'Sawarat', 'नंदुरबार ', 'नवापूर ', 'सावरट'),
(126, 'Nandurbar', 'Navapur', 'Shegave', 'नंदुरबार ', 'नवापूर ', 'शेगवे'),
(127, 'Nandurbar', 'Navapur', 'Shehi', 'नंदुरबार ', 'नवापूर ', 'शेही'),
(128, 'Nandurbar', 'Navapur', 'Shetgaon', 'नंदुरबार ', 'नवापूर ', 'शेतगाव'),
(129, 'Nandurbar', 'Navapur', 'Shingar Mal', 'नंदुरबार ', 'नवापूर ', 'शिंगार माळ'),
(130, 'Nandurbar', 'Navapur', 'Shrawani', 'नंदुरबार ', 'नवापूर ', 'श्रावणी'),
(131, 'Nandurbar', 'Navapur', 'Sonare Digar', 'नंदुरबार ', 'नवापूर ', 'सोनारे दिगर'),
(132, 'Nandurbar', 'Navapur', 'Sonkhadake', 'नंदुरबार ', 'नवापूर ', 'सोनखडके'),
(133, 'Nandurbar', 'Navapur', 'Sonpada', 'नंदुरबार ', 'नवापूर ', 'सोनपाडा'),
(134, 'Nandurbar', 'Navapur', 'Suli', 'नंदुरबार ', 'नवापूर ', 'सुळी'),
(135, 'Nandurbar', 'Navapur', 'Talavipada', 'नंदुरबार ', 'नवापूर ', 'तलावीपाडा'),
(136, 'Nandurbar', 'Navapur', 'Tarapur', 'नंदुरबार ', 'नवापूर ', 'तारापूर'),
(137, 'Nandurbar', 'Navapur', 'Tarpada', 'नंदुरबार ', 'नवापूर ', 'तारपाडा'),
(138, 'Nandurbar', 'Navapur', 'Thuwa', 'नंदुरबार ', 'नवापूर ', 'थुवा'),
(139, 'Nandurbar', 'Navapur', 'Tilasar', 'नंदुरबार ', 'नवापूर ', 'तिळासर'),
(140, 'Nandurbar', 'Navapur', 'Tinmauli', 'नंदुरबार ', 'नवापूर ', 'तीनमौली'),
(141, 'Nandurbar', 'Navapur', 'Ukalapani', 'नंदुरबार ', 'नवापूर ', 'उकळापाणी'),
(142, 'Nandurbar', 'Navapur', 'Umaran', 'नंदुरबार ', 'नवापूर ', 'उमराण'),
(143, 'Nandurbar', 'Navapur', 'Umarvihir', 'नंदुरबार ', 'नवापूर ', 'उमरविहिर'),
(144, 'Nandurbar', 'Navapur', 'Umbardi', 'नंदुरबार ', 'नवापूर ', 'उंबर्डी'),
(145, 'Nandurbar', 'Navapur', 'Unchishevdi', 'नंदुरबार ', 'नवापूर ', 'उंचीशेवडी'),
(146, 'Nandurbar', 'Navapur', 'Vadade Bk.', 'नंदुरबार ', 'नवापूर ', 'वडदे बु.'),
(147, 'Nandurbar', 'Navapur', 'Vadkalambi', 'नंदुरबार ', 'नवापूर ', 'वडकळंबी'),
(148, 'Nandurbar', 'Navapur', 'Vadkhut', 'नंदुरबार ', 'नवापूर ', 'वडखुट'),
(149, 'Nandurbar', 'Navapur', 'Vadphali', 'नंदुरबार ', 'नवापूर ', 'वडफळी'),
(150, 'Nandurbar', 'Navapur', 'Vagade', 'नंदुरबार ', 'नवापूर ', 'वागदे'),
(151, 'Nandurbar', 'Navapur', 'Varadipada', 'नंदुरबार ', 'नवापूर ', 'वराडीपाडा'),
(152, 'Nandurbar', 'Navapur', 'Vasade', 'नंदुरबार ', 'नवापूर ', 'वासदे'),
(153, 'Nandurbar', 'Navapur', 'Vatvi', 'नंदुरबार ', 'नवापूर ', 'वाटवी'),
(154, 'Nandurbar', 'Navapur', 'Vavadi', 'नंदुरबार ', 'नवापूर ', 'वावडी'),
(155, 'Nandurbar', 'Navapur', 'Vijapur', 'नंदुरबार ', 'नवापूर ', 'विजापूर'),
(156, 'Nandurbar', 'Navapur', 'Visarwadi', 'नंदुरबार ', 'नवापूर ', 'विसरवाडी'),
(157, 'Nandurbar', 'Navapur', 'Wadsatra', 'नंदुरबार ', 'नवापूर ', 'वडसत्रा'),
(158, 'Nandurbar', 'Navapur', 'Wagadi', 'नंदुरबार ', 'नवापूर ', 'वागदी'),
(159, 'Nandurbar', 'Navapur', 'Wakipada', 'नंदुरबार ', 'नवापूर ', 'वाकीपाडा'),
(160, 'Nandurbar', 'Navapur', 'Wanzale', 'नंदुरबार ', 'नवापूर ', 'वांझळे'),
(161, 'Nandurbar', 'Navapur', 'Watvi', 'नंदुरबार ', 'नवापूर ', 'वाटवी'),
(162, 'Nandurbar', 'Navapur', 'Zamanzar', 'नंदुरबार ', 'नवापूर ', 'झामणझर'),
(163, 'Nandurbar', 'Navapur', 'Zamatyawad', 'नंदुरबार ', 'नवापूर ', 'झामट्यावड'),
(164, 'Nandurbar', 'Navapur', 'Zaripada', 'नंदुरबार ', 'नवापूर ', 'झरीपाडा'),
(165, 'Nandurbar', 'Taloda', 'AKRANI', 'नंदुरबार ', 'तळोदा', 'अक्राणी'),
(166, 'Nandurbar', 'Taloda', 'Alwan', 'नंदुरबार ', 'तळोदा', 'अलवान'),
(167, 'Nandurbar', 'Taloda', 'Amalpada', 'नंदुरबार ', 'तळोदा', 'अंमलपाडा'),
(168, 'Nandurbar', 'Taloda', 'Amlad', 'नंदुरबार ', 'तळोदा', 'अमलाड'),
(169, 'Nandurbar', 'Taloda', 'Amoni', 'नंदुरबार ', 'तळोदा', 'अमोणी'),
(170, 'Nandurbar', 'Taloda', 'Ashte Tarf Borad', 'नंदुरबार ', 'तळोदा', 'आष्टे तर्फ बोराद'),
(171, 'Nandurbar', 'Taloda', 'Ban', 'नंदुरबार ', 'तळोदा', 'बन'),
(172, 'Nandurbar', 'Taloda', 'Bandhara', 'नंदुरबार ', 'तळोदा', 'बंधारा'),
(173, 'Nandurbar', 'Taloda', 'Belipada', 'नंदुरबार ', 'तळोदा', 'बेलीपाडा'),
(174, 'Nandurbar', 'Taloda', 'Bhavar', 'नंदुरबार ', 'तळोदा', 'भंवर'),
(175, 'Nandurbar', 'Taloda', 'Biyamal', 'नंदुरबार ', 'तळोदा', 'बियामल'),
(176, 'Nandurbar', 'Taloda', 'Borad', 'नंदुरबार ', 'तळोदा', 'बोरद'),
(177, 'Nandurbar', 'Taloda', 'BORVANPADA', 'नंदुरबार ', 'तळोदा', 'बोरवणपाडा'),
(178, 'Nandurbar', 'Taloda', 'Budhaval', 'नंदुरबार ', 'तळोदा', 'बुधावल'),
(179, 'Nandurbar', 'Taloda', 'Budhavali', 'नंदुरबार ', 'तळोदा', 'बुधावली'),
(180, 'Nandurbar', 'Taloda', 'Chaugaon Bk', 'नंदुरबार ', 'तळोदा', 'चौगाव बु.'),
(181, 'Nandurbar', 'Taloda', 'Chaugaon Kh', 'नंदुरबार ', 'तळोदा', 'चौगाव खुर्द'),
(182, 'Nandurbar', 'Taloda', 'Chhotadhanpur', 'नंदुरबार ', 'तळोदा', 'छोटाधनपुर'),
(183, 'Nandurbar', 'Taloda', 'chinoda', 'नंदुरबार ', 'तळोदा', 'चिनोदा'),
(184, 'Nandurbar', 'Taloda', 'Dalelpur', 'नंदुरबार ', 'तळोदा', 'दलेलपुर'),
(185, 'Nandurbar', 'Taloda', 'Daswad', 'नंदुरबार ', 'तळोदा', 'दसवड'),
(186, 'Nandurbar', 'Taloda', 'Dekati', 'नंदुरबार ', 'तळोदा', 'ढेकाटी'),
(187, 'Nandurbar', 'Taloda', 'Dhanora', 'नंदुरबार ', 'तळोदा', 'धानोरा'),
(188, 'Nandurbar', 'Taloda', 'Dhanpur', 'नंदुरबार ', 'तळोदा', 'धनपुर'),
(189, 'Nandurbar', 'Taloda', 'DHAVLIVIHIR', 'नंदुरबार ', 'तळोदा', 'धवलीविहीर'),
(190, 'Nandurbar', 'Taloda', 'DHVAJAPANI', 'नंदुरबार ', 'तळोदा', 'ध्वजापानी'),
(191, 'Nandurbar', 'Taloda', 'Ekdhad', 'नंदुरबार ', 'तळोदा', 'एकधड'),
(192, 'Nandurbar', 'Taloda', 'Gadhavali', 'नंदुरबार ', 'तळोदा', 'गाढवली'),
(193, 'Nandurbar', 'Taloda', 'GADIKOTHDA', 'नंदुरबार ', 'तळोदा', 'गडीकोठडा'),
(194, 'Nandurbar', 'Taloda', 'Gaulanpada', 'नंदुरबार ', 'तळोदा', 'गौळणपाडा'),
(195, 'Nandurbar', 'Taloda', 'Gopalpur', 'नंदुरबार ', 'तळोदा', 'गोपाळपूर'),
(196, 'Nandurbar', 'Taloda', 'Gunjali', 'नंदुरबार ', 'तळोदा', 'गुंजाळी'),
(197, 'Nandurbar', 'Taloda', 'Halalpur', 'नंदुरबार ', 'तळोदा', 'हलालपूर'),
(198, 'Nandurbar', 'Taloda', 'HATBARI', 'नंदुरबार ', 'तळोदा', 'हातबारी'),
(199, 'Nandurbar', 'Taloda', 'Ichhagavhan', 'नंदुरबार ', 'तळोदा', 'इच्छागव्हाण'),
(200, 'Nandurbar', 'Taloda', 'JAMBHAI', 'नंदुरबार ', 'तळोदा', 'जांभाई'),
(201, 'Nandurbar', 'Taloda', 'JAMBHAIPADA', 'नंदुरबार ', 'तळोदा', 'जांभाईपाडा'),
(202, 'Nandurbar', 'Taloda', 'Juwani (F)', 'नंदुरबार ', 'तळोदा', 'जुवाणी (F)'),
(203, 'Nandurbar', 'Taloda', 'Juwani(R)', 'नंदुरबार ', 'तळोदा', 'जुवाणी (R)'),
(204, 'Nandurbar', 'Taloda', 'Kadhel', 'नंदुरबार ', 'तळोदा', 'कढेल'),
(205, 'Nandurbar', 'Taloda', 'Kakalpur', 'नंदुरबार ', 'तळोदा', 'काकलपूर'),
(206, 'Nandurbar', 'Taloda', 'Kalamsare', 'नंदुरबार ', 'तळोदा', 'कळमसरे'),
(207, 'Nandurbar', 'Taloda', 'KALIBEL', 'नंदुरबार ', 'तळोदा', 'कालीबेल'),
(208, 'Nandurbar', 'Taloda', 'Karde', 'नंदुरबार ', 'तळोदा', 'करडे'),
(209, 'Nandurbar', 'Taloda', 'Kazipur', 'नंदुरबार ', 'तळोदा', 'काझीपूर'),
(210, 'Nandurbar', 'Taloda', 'KEVDAPANI', 'नंदुरबार ', 'तळोदा', 'केवडापाणी'),
(211, 'Nandurbar', 'Taloda', 'Khardi Bk', 'नंदुरबार ', 'तळोदा', 'खर्डी बु.'),
(212, 'Nandurbar', 'Taloda', 'Khardi Kh', 'नंदुरबार ', 'तळोदा', 'खर्डी खुर्द.'),
(213, 'Nandurbar', 'Taloda', 'Kharwad', 'नंदुरबार ', 'तळोदा', 'खरवड'),
(214, 'Nandurbar', 'Taloda', 'Khedale', 'नंदुरबार ', 'तळोदा', 'खेडले'),
(215, 'Nandurbar', 'Taloda', 'Khusgavhan', 'नंदुरबार ', 'तळोदा', 'खुशगव्हाण'),
(216, 'Nandurbar', 'Taloda', 'Kothar', 'नंदुरबार ', 'तळोदा', 'कोठार'),
(217, 'Nandurbar', 'Taloda', 'Kundave', 'नंदुरबार ', 'तळोदा', 'कूंडवे'),
(218, 'Nandurbar', 'Taloda', 'Lakhapur (Rev)', 'नंदुरबार ', 'तळोदा', 'लाखापूर (Rev)'),
(219, 'Nandurbar', 'Taloda', 'Lakhapur(F)', 'नंदुरबार ', 'तळोदा', 'लाखापूर(F)'),
(220, 'Nandurbar', 'Taloda', 'Lakkadkot', 'नंदुरबार ', 'तळोदा', 'लक्कडकोट'),
(221, 'Nandurbar', 'Taloda', 'Lobhani', 'नंदुरबार ', 'तळोदा', 'लोभाणी'),
(222, 'Nandurbar', 'Taloda', 'Mal Kh', 'नंदुरबार ', 'तळोदा', 'माळ खुर्द'),
(223, 'Nandurbar', 'Taloda', 'Malda', 'नंदुरबार ', 'तळोदा', 'मालदा'),
(224, 'Nandurbar', 'Taloda', 'Mendhwad', 'नंदुरबार ', 'तळोदा', 'मेंढवड'),
(225, 'Nandurbar', 'Taloda', 'Mod', 'नंदुरबार ', 'तळोदा', 'मोड'),
(226, 'Nandurbar', 'Taloda', 'Modalpada', 'नंदुरबार ', 'तळोदा', 'मोदलपाडा'),
(227, 'Nandurbar', 'Taloda', 'Mohida', 'नंदुरबार ', 'तळोदा', 'मोहीदा'),
(228, 'Nandurbar', 'Taloda', 'MOKASMAL', 'नंदुरबार ', 'तळोदा', 'मोकसमाळ'),
(229, 'Nandurbar', 'Taloda', 'Morwad', 'नंदुरबार ', 'तळोदा', 'मोरवड'),
(230, 'Nandurbar', 'Taloda', 'Nalgavhan', 'नंदुरबार ', 'तळोदा', 'नळगव्हाण'),
(231, 'Nandurbar', 'Taloda', 'Narmadanagar', 'नंदुरबार ', 'तळोदा', 'नर्मदानगर'),
(232, 'Nandurbar', 'Taloda', 'Nawagaon', 'नंदुरबार ', 'तळोदा', 'नवागाव'),
(233, 'Nandurbar', 'Taloda', 'Newban', 'नंदुरबार ', 'तळोदा', 'न्युबन'),
(234, 'Nandurbar', 'Taloda', 'Padalpur', 'नंदुरबार ', 'तळोदा', 'पाडळपूर'),
(235, 'Nandurbar', 'Taloda', 'Padhadi', 'नंदुरबार ', 'तळोदा', 'पाठडी'),
(236, 'Nandurbar', 'Taloda', 'PANDHARKE', 'नंदुरबार ', 'तळोदा', 'पांढरके'),
(237, 'Nandurbar', 'Taloda', 'Pimparpada', 'नंदुरबार ', 'तळोदा', 'पिंपरपाडा'),
(238, 'Nandurbar', 'Taloda', 'Pratappur', 'नंदुरबार ', 'तळोदा', 'प्रतापपूर'),
(239, 'Nandurbar', 'Taloda', 'Rajvihir', 'नंदुरबार ', 'तळोदा', 'राजविहीर'),
(240, 'Nandurbar', 'Taloda', 'Rampur', 'नंदुरबार ', 'तळोदा', 'रामपूर'),
(241, 'Nandurbar', 'Taloda', 'Ranapur', 'नंदुरबार ', 'तळोदा', 'राणापुर'),
(242, 'Nandurbar', 'Taloda', 'Ranipur', 'नंदुरबार ', 'तळोदा', 'रानीपुर'),
(243, 'Nandurbar', 'Taloda', 'RANMAHU', 'नंदुरबार ', 'तळोदा', 'रानमहू'),
(244, 'Nandurbar', 'Taloda', 'Ranzani', 'नंदुरबार ', 'तळोदा', 'रांझणी'),
(245, 'Nandurbar', 'Taloda', 'Rapapur', 'नंदुरबार ', 'तळोदा', 'रापापूर'),
(246, 'Nandurbar', 'Taloda', 'Ratanpada', 'नंदुरबार ', 'तळोदा', 'रतनपाडा'),
(247, 'Nandurbar', 'Taloda', 'RAVLA', 'नंदुरबार ', 'तळोदा', 'रावला'),
(248, 'Nandurbar', 'Taloda', 'Razave (Pun.)', 'नंदुरबार ', 'तळोदा', 'रोझवे पुन.'),
(249, 'Nandurbar', 'Taloda', 'Retpada', 'नंदुरबार ', 'तळोदा', 'रेटपाडा'),
(250, 'Nandurbar', 'Taloda', 'Rewanagar', 'नंदुरबार ', 'तळोदा', 'रेवानगर'),
(251, 'Nandurbar', 'Taloda', 'Rozave', 'नंदुरबार ', 'तळोदा', 'रोझवे'),
(252, 'Nandurbar', 'Taloda', 'ROZVA PLOT', 'नंदुरबार ', 'तळोदा', 'रोझवा प्लॉट'),
(253, 'Nandurbar', 'Taloda', 'Salsadi', 'नंदुरबार ', 'तळोदा', 'सलसाडी'),
(254, 'Nandurbar', 'Taloda', 'Sardarnagar', 'नंदुरबार ', 'तळोदा', 'सरदारनगर'),
(255, 'Nandurbar', 'Taloda', 'Satone', 'नंदुरबार ', 'तळोदा', 'सतोणे'),
(256, 'Nandurbar', 'Taloda', 'Sawar', 'नंदुरबार ', 'तळोदा', 'सावर'),
(257, 'Nandurbar', 'Taloda', 'Sawarpada', 'नंदुरबार ', 'तळोदा', 'सावरपाडा'),
(258, 'Nandurbar', 'Taloda', 'Shelwai', 'नंदुरबार ', 'तळोदा', 'शेलवाई'),
(259, 'Nandurbar', 'Taloda', 'Shirve', 'नंदुरबार ', 'तळोदा', 'शिर्वे'),
(260, 'Nandurbar', 'Taloda', 'Silingpur', 'नंदुरबार ', 'तळोदा', 'सीलिंगपूर'),
(261, 'Nandurbar', 'Taloda', 'Singaspur', 'नंदुरबार ', 'तळोदा', 'सिंगसपूर'),
(262, 'Nandurbar', 'Taloda', 'Sojarbara', 'नंदुरबार ', 'तळोदा', 'सोजरबार'),
(263, 'Nandurbar', 'Taloda', 'Somawal Bk', 'नंदुरबार ', 'तळोदा', 'सोमावल बु'),
(264, 'Nandurbar', 'Taloda', 'Somawal Kh', 'नंदुरबार ', 'तळोदा', 'सोमावल खु.'),
(265, 'Nandurbar', 'Taloda', 'Sorapada', 'नंदुरबार ', 'तळोदा', 'सोरापाडा'),
(266, 'Nandurbar', 'Taloda', 'TAKLI', 'नंदुरबार ', 'तळोदा', 'टाकळी'),
(267, 'Nandurbar', 'Taloda', 'TALACHAPADA', 'नंदुरबार ', 'तळोदा', 'तलाचापाडा'),
(268, 'Nandurbar', 'Taloda', 'Taloda (M Cl)', 'नंदुरबार ', 'तळोदा', 'तळोदा (शहरी)'),
(269, 'Nandurbar', 'Taloda', 'Taloda (Rural)', 'नंदुरबार ', 'तळोदा', 'तळोदा (ग्रामीन)'),
(270, 'Nandurbar', 'Taloda', 'Talve', 'नंदुरबार ', 'तळोदा', 'तळवे'),
(271, 'Nandurbar', 'Taloda', 'Tarhawad', 'नंदुरबार ', 'तळोदा', 'त-हावद'),
(272, 'Nandurbar', 'Taloda', 'Umarkuwa', 'नंदुरबार ', 'तळोदा', 'उंमरकुवा'),
(273, 'Nandurbar', 'Taloda', 'Umri', 'नंदुरबार ', 'तळोदा', 'ऊमरी'),
(274, 'Nandurbar', 'Taloda', 'Valheri', 'नंदुरबार ', 'तळोदा', 'वाल्हेरी'),
(275, 'Nandurbar', 'Taloda', 'VARPADA', 'नंदुरबार ', 'तळोदा', 'वरपाडा'),
(276, 'Nandurbar', 'Taloda', 'VIHIRMAL', 'नंदुरबार ', 'तळोदा', 'विहीरमाळ'),
(277, 'Nandurbar', 'Taloda', 'Ziri', 'नंदुरबार ', 'तळोदा', 'झिरी'),
(278, 'Nandurbar', 'Nandurbar', 'Adachhi', 'नंदुरबार ', 'नंदुरबार ', 'अडचि'),
(279, 'Nandurbar', 'Nandurbar', 'Ajepur', 'नंदुरबार ', 'नंदुरबार ', 'आजेपूर'),
(280, 'Nandurbar', 'Nandurbar', 'Akhatwade', 'नंदुरबार ', 'नंदुरबार ', 'आखतवडे'),
(281, 'Nandurbar', 'Nandurbar', 'Akrale', 'नंदुरबार ', 'नंदुरबार ', 'अक्राळे'),
(282, 'Nandurbar', 'Nandurbar', 'Ambapur', 'नंदुरबार ', 'नंदुरबार ', 'अंबापूर'),
(283, 'Nandurbar', 'Nandurbar', 'Amlatne', 'नंदुरबार ', 'नंदुरबार ', 'आमलातने'),
(284, 'Nandurbar', 'Nandurbar', 'Amrave', 'नंदुरबार ', 'नंदुरबार ', 'अमरावे'),
(285, 'Nandurbar', 'Nandurbar', 'Arale', 'नंदुरबार ', 'नंदुरबार ', 'अराळे'),
(286, 'Nandurbar', 'Nandurbar', 'Arditara', 'नंदुरबार ', 'नंदुरबार ', 'अर्दितारा'),
(287, 'Nandurbar', 'Nandurbar', 'Asane', 'नंदुरबार ', 'नंदुरबार ', 'असणे'),
(288, 'Nandurbar', 'Nandurbar', 'Ashte', 'नंदुरबार ', 'नंदुरबार ', 'आष्टे'),
(289, 'Nandurbar', 'Nandurbar', 'Bahyane', 'नंदुरबार ', 'नंदुरबार ', 'बह्याणे'),
(290, 'Nandurbar', 'Nandurbar', 'Bal Amrai', 'नंदुरबार ', 'नंदुरबार ', 'बाल आमराई'),
(291, 'Nandurbar', 'Nandurbar', 'Baldane', 'नंदुरबार ', 'नंदुरबार ', 'बलदाणे'),
(292, 'Nandurbar', 'Nandurbar', 'Balwand', 'नंदुरबार ', 'नंदुरबार ', 'बलवंड'),
(293, 'Nandurbar', 'Nandurbar', 'Bamdod', 'नंदुरबार ', 'नंदुरबार ', 'बामदोड'),
(294, 'Nandurbar', 'Nandurbar', 'Bhadwad', 'नंदुरबार ', 'नंदुरबार ', 'भादवड'),
(295, 'Nandurbar', 'Nandurbar', 'Bhagsari', 'नंदुरबार ', 'नंदुरबार ', 'भागसारी'),
(296, 'Nandurbar', 'Nandurbar', 'Bhaler', 'नंदुरबार ', 'नंदुरबार ', 'भालेर'),
(297, 'Nandurbar', 'Nandurbar', 'Bhangda', 'नंदुरबार ', 'नंदुरबार ', 'भांगडा'),
(298, 'Nandurbar', 'Nandurbar', 'Bhavanipada', 'नंदुरबार ', 'नंदुरबार ', 'भवानीपाडा'),
(299, 'Nandurbar', 'Nandurbar', 'Bhone', 'नंदुरबार ', 'नंदुरबार ', 'भोने'),
(300, 'Nandurbar', 'Nandurbar', 'Biladi', 'नंदुरबार ', 'नंदुरबार ', 'बिलाडी'),
(301, 'Nandurbar', 'Nandurbar', 'Borale', 'नंदुरबार ', 'नंदुरबार ', 'बोराळे'),
(302, 'Nandurbar', 'Nandurbar', 'Chakle', 'नंदुरबार ', 'नंदुरबार ', 'चकले'),
(303, 'Nandurbar', 'Nandurbar', 'Chaupale', 'नंदुरबार ', 'नंदुरबार ', 'चौपाळे'),
(304, 'Nandurbar', 'Nandurbar', 'Dahindule Bk.', 'नंदुरबार ', 'नंदुरबार ', 'दहिंडुळे बी.के.'),
(305, 'Nandurbar', 'Nandurbar', 'Dahindule Kh', 'नंदुरबार ', 'नंदुरबार ', 'दहिंदुळे ख'),
(306, 'Nandurbar', 'Nandurbar', 'Devpur', 'नंदुरबार ', 'नंदुरबार ', 'देवपूर'),
(307, 'Nandurbar', 'Nandurbar', 'Dhamdai', 'नंदुरबार ', 'नंदुरबार ', 'धम्मदाई'),
(308, 'Nandurbar', 'Nandurbar', 'Dhamdod', 'नंदुरबार ', 'नंदुरबार ', 'धामदोड'),
(309, 'Nandurbar', 'Nandurbar', 'Dhandhane', 'नंदुरबार ', 'नंदुरबार ', 'धनधाणे'),
(310, 'Nandurbar', 'Nandurbar', 'Dhanora', 'नंदुरबार ', 'नंदुरबार ', 'धानोरा'),
(311, 'Nandurbar', 'Nandurbar', 'Dhekwad', 'नंदुरबार ', 'नंदुरबार ', 'ढेकवड'),
(312, 'Nandurbar', 'Nandurbar', 'Dhirajgaon', 'नंदुरबार ', 'नंदुरबार ', 'धिरजगाव'),
(313, 'Nandurbar', 'Nandurbar', 'Dhulwad', 'नंदुरबार ', 'नंदुरबार ', 'धुळवड'),
(314, 'Nandurbar', 'Nandurbar', 'Dudhale', 'नंदुरबार ', 'नंदुरबार ', 'दुधाळे'),
(315, 'Nandurbar', 'Nandurbar', 'Fulsare', 'नंदुरबार ', 'नंदुरबार ', 'फुलसरे'),
(316, 'Nandurbar', 'Nandurbar', 'Gangapur', 'नंदुरबार ', 'नंदुरबार ', 'गाणगापूर'),
(317, 'Nandurbar', 'Nandurbar', 'Ghoghalgaon', 'नंदुरबार ', 'नंदुरबार ', 'घोघलगाव'),
(318, 'Nandurbar', 'Nandurbar', 'Ghotane', 'नंदुरबार ', 'नंदुरबार ', 'घोटणे'),
(319, 'Nandurbar', 'Nandurbar', 'Ghuli', 'नंदुरबार ', 'नंदुरबार ', 'घुली'),
(320, 'Nandurbar', 'Nandurbar', 'Gu.bhavali', 'नंदुरबार ', 'नंदुरबार ', 'गु.भावली'),
(321, 'Nandurbar', 'Nandurbar', 'Gu.jambholi', 'नंदुरबार ', 'नंदुरबार ', 'गु.जांभोळी'),
(322, 'Nandurbar', 'Nandurbar', 'Haripur', 'नंदुरबार ', 'नंदुरबार ', 'हरिपूर'),
(323, 'Nandurbar', 'Nandurbar', 'Hatmohide', 'नंदुरबार ', 'नंदुरबार ', 'हातमोहाइड'),
(324, 'Nandurbar', 'Nandurbar', 'Hatti Indri', 'नंदुरबार ', 'नंदुरबार ', 'हत्ती इंद्री'),
(325, 'Nandurbar', 'Nandurbar', 'Hol T. Haveli', 'नंदुरबार ', 'नंदुरबार ', 'होळ टी. हवेली'),
(326, 'Nandurbar', 'Nandurbar', 'Hol T. Ranale', 'नंदुरबार ', 'नंदुरबार ', 'होळ टी. रनाळे'),
(327, 'Nandurbar', 'Nandurbar', 'Isainagar', 'नंदुरबार ', 'नंदुरबार ', 'इसाईनगर'),
(328, 'Nandurbar', 'Nandurbar', 'Jalkhe', 'नंदुरबार ', 'नंदुरबार ', 'जल्खे'),
(329, 'Nandurbar', 'Nandurbar', 'Jun Mohide', 'नंदुरबार ', 'नंदुरबार ', 'जुन मोहिदे'),
(330, 'Nandurbar', 'Nandurbar', 'Kakarde', 'नंदुरबार ', 'नंदुरबार ', 'काकर्डे'),
(331, 'Nandurbar', 'Nandurbar', 'Kalamba', 'नंदुरबार ', 'नंदुरबार ', 'कळंबा'),
(332, 'Nandurbar', 'Nandurbar', 'Kalmadi', 'नंदुरबार ', 'नंदुरबार ', 'कलमाडी'),
(333, 'Nandurbar', 'Nandurbar', 'Kanalde', 'नंदुरबार ', 'नंदुरबार ', 'कानळदे'),
(334, 'Nandurbar', 'Nandurbar', 'Kandre', 'नंदुरबार ', 'नंदुरबार ', 'कांद्रे'),
(335, 'Nandurbar', 'Nandurbar', 'Karajwe', 'नंदुरबार ', 'नंदुरबार ', 'करजवे'),
(336, 'Nandurbar', 'Nandurbar', 'Karankheda', 'नंदुरबार ', 'नंदुरबार ', 'करनखेडा'),
(337, 'Nandurbar', 'Nandurbar', 'Karjkupe', 'नंदुरबार ', 'नंदुरबार ', 'कर्जकुपे'),
(338, 'Nandurbar', 'Nandurbar', 'Karli', 'नंदुरबार ', 'नंदुरबार ', 'कारली'),
(339, 'Nandurbar', 'Nandurbar', 'Kathore', 'नंदुरबार ', 'नंदुरबार ', 'कथोरे'),
(340, 'Nandurbar', 'Nandurbar', 'Khairale', 'नंदुरबार ', 'नंदुरबार ', 'खैराळे'),
(341, 'Nandurbar', 'Nandurbar', 'Khamgaon', 'नंदुरबार ', 'नंदुरबार ', 'खामगाव'),
(342, 'Nandurbar', 'Nandurbar', 'Khaparkhede', 'नंदुरबार ', 'नंदुरबार ', 'खापरखेडे'),
(343, 'Nandurbar', 'Nandurbar', 'Kharde Kh.', 'नंदुरबार ', 'नंदुरबार ', 'खर्डे ख.'),
(344, 'Nandurbar', 'Nandurbar', 'Khodasgaon', 'नंदुरबार ', 'नंदुरबार ', 'खोडसगाव'),
(345, 'Nandurbar', 'Nandurbar', 'Khokrale', 'नंदुरबार ', 'नंदुरबार ', 'खोकराळे'),
(346, 'Nandurbar', 'Nandurbar', 'Khondamali', 'नंदुरबार ', 'नंदुरबार ', 'खोंडामाळी'),
(347, 'Nandurbar', 'Nandurbar', 'Kodhali Kh.', 'नंदुरबार ', 'नंदुरबार ', 'कोधाळी ख.'),
(348, 'Nandurbar', 'Nandurbar', 'Kolde', 'नंदुरबार ', 'नंदुरबार ', 'कोल्दे'),
(349, 'Nandurbar', 'Nandurbar', 'Koparli', 'नंदुरबार ', 'नंदुरबार ', 'कोपर्ली'),
(350, 'Nandurbar', 'Nandurbar', 'Korit', 'नंदुरबार ', 'नंदुरबार ', 'कोरीट'),
(351, 'Nandurbar', 'Nandurbar', 'Kothade', 'नंदुरबार ', 'नंदुरबार ', 'कोठाडे'),
(352, 'Nandurbar', 'Nandurbar', 'Lonkheda', 'नंदुरबार ', 'नंदुरबार ', 'लोणखेडा'),
(353, 'Nandurbar', 'Nandurbar', 'Loya', 'नंदुरबार ', 'नंदुरबार ', 'लोया'),
(354, 'Nandurbar', 'Nandurbar', 'Malkhand', 'नंदुरबार ', 'नंदुरबार ', 'मालखंड'),
(355, 'Nandurbar', 'Nandurbar', 'Malpur', 'नंदुरबार ', 'नंदुरबार ', 'मालपूर'),
(356, 'Nandurbar', 'Nandurbar', 'Mandal', 'नंदुरबार ', 'नंदुरबार ', 'मंडळ'),
(357, 'Nandurbar', 'Nandurbar', 'Mangrul', 'नंदुरबार ', 'नंदुरबार ', 'मंगरूळ'),
(358, 'Nandurbar', 'Nandurbar', 'Manjre', 'नंदुरबार ', 'नंदुरबार ', 'मांढरे'),
(359, 'Nandurbar', 'Nandurbar', 'Moyane', 'नंदुरबार ', 'नंदुरबार ', 'मोयने'),
(360, 'Nandurbar', 'Nandurbar', 'Nagaon', 'नंदुरबार ', 'नंदुरबार ', 'नागाव'),
(361, 'Nandurbar', 'Nandurbar', 'Nagsar', 'नंदुरबार ', 'नंदुरबार ', 'नागसर'),
(362, 'Nandurbar', 'Nandurbar', 'Nalve Bk.', 'नंदुरबार ', 'नंदुरबार ', 'नलवे बी.के.'),
(363, 'Nandurbar', 'Nandurbar', 'Nalve Kh.', 'नंदुरबार ', 'नंदुरबार ', 'नलवे ख.'),
(364, 'Nandurbar', 'Nandurbar', 'Nandarkhe', 'नंदुरबार ', 'नंदुरबार ', 'नांदरखे'),
(365, 'Nandurbar', 'Nandurbar', 'Nandpur', 'नंदुरबार ', 'नंदुरबार ', 'नांदपूर'),
(366, 'Nandurbar', 'Nandurbar', 'Nandurbar (M Cl)', 'नंदुरबार ', 'नंदुरबार ', 'नंदुरबार (M Cl)'),
(367, 'Nandurbar', 'Nandurbar', 'Nandurbar (rural)', 'नंदुरबार ', 'नंदुरबार ', 'नंदुरबार (ग्रामीण)'),
(368, 'Nandurbar', 'Nandurbar', 'Narayanpur', 'नंदुरबार ', 'नंदुरबार ', 'नारायणपूर'),
(369, 'Nandurbar', 'Nandurbar', 'Nashinde', 'नंदुरबार ', 'नंदुरबार ', 'नाशिंदे'),
(370, 'Nandurbar', 'Nandurbar', 'Natawad', 'नंदुरबार ', 'नंदुरबार ', 'नटवाड'),
(371, 'Nandurbar', 'Nandurbar', 'Navagaon', 'नंदुरबार ', 'नंदुरबार ', 'नवागाव'),
(372, 'Nandurbar', 'Nandurbar', 'Nimbhel', 'नंदुरबार ', 'नंदुरबार ', 'निंभेल'),
(373, 'Nandurbar', 'Nandurbar', 'Nimboni Bk.', 'नंदुरबार ', 'नंदुरबार ', 'निंबोणी बी.के.'),
(374, 'Nandurbar', 'Nandurbar', 'Nimgaon', 'नंदुरबार ', 'नंदुरबार ', 'निमगाव'),
(375, 'Nandurbar', 'Nandurbar', 'Nyahali', 'नंदुरबार ', 'नंदुरबार ', 'न्याहाळी'),
(376, 'Nandurbar', 'Nandurbar', 'Osarli', 'नंदुरबार ', 'नंदुरबार ', 'ओसर्ली'),
(377, 'Nandurbar', 'Nandurbar', 'Ozarde', 'नंदुरबार ', 'नंदुरबार ', 'ओझर्डे'),
(378, 'Nandurbar', 'Nandurbar', 'Pachorabari', 'नंदुरबार ', 'नंदुरबार ', 'पाचोराबारी'),
(379, 'Nandurbar', 'Nandurbar', 'Palashi', 'नंदुरबार ', 'नंदुरबार ', 'पळशी'),
(380, 'Nandurbar', 'Nandurbar', 'Patharai', 'नंदुरबार ', 'नंदुरबार ', 'पथराई'),
(381, 'Nandurbar', 'Nandurbar', 'Patonda', 'नंदुरबार ', 'नंदुरबार ', 'पातोंडा'),
(382, 'Nandurbar', 'Nandurbar', 'Pawle', 'नंदुरबार ', 'नंदुरबार ', 'पावले'),
(383, 'Nandurbar', 'Nandurbar', 'Pimplod', 'नंदुरबार ', 'नंदुरबार ', 'पिंपलोद'),
(384, 'Nandurbar', 'Nandurbar', 'Pimpri', 'नंदुरबार ', 'नंदुरबार ', 'पिंपरी'),
(385, 'Nandurbar', 'Nandurbar', 'Rajale', 'नंदुरबार ', 'नंदुरबार ', 'राजळे'),
(386, 'Nandurbar', 'Nandurbar', 'Rajapur', 'नंदुरबार ', 'नंदुरबार ', 'राजापूर'),
(387, 'Nandurbar', 'Nandurbar', 'Rakaswade', 'नंदुरबार ', 'नंदुरबार ', 'रकसवडे'),
(388, 'Nandurbar', 'Nandurbar', 'Ranale', 'नंदुरबार ', 'नंदुरबार ', 'रनाळे'),
(389, 'Nandurbar', 'Nandurbar', 'Ranale Kh', 'नंदुरबार ', 'नंदुरबार ', 'रनाळे ख'),
(390, 'Nandurbar', 'Nandurbar', 'Saitane', 'नंदुरबार ', 'नंदुरबार ', 'सैताने'),
(391, 'Nandurbar', 'Nandurbar', 'Samsherpur', 'नंदुरबार ', 'नंदुरबार ', 'समशेरपूर'),
(392, 'Nandurbar', 'Nandurbar', 'Saturkhe', 'नंदुरबार ', 'नंदुरबार ', 'सातुर्खे'),
(393, 'Nandurbar', 'Nandurbar', 'Sawalde', 'नंदुरबार ', 'नंदुरबार ', 'सावळदे'),
(394, 'Nandurbar', 'Nandurbar', 'Shahade', 'नंदुरबार ', 'नंदुरबार ', 'शहादे'),
(395, 'Nandurbar', 'Nandurbar', 'Shejve', 'नंदुरबार ', 'नंदुरबार ', 'शेजवे'),
(396, 'Nandurbar', 'Nandurbar', 'Shinde', 'नंदुरबार ', 'नंदुरबार ', 'शिंदे'),
(397, 'Nandurbar', 'Nandurbar', 'Shindgavhan', 'नंदुरबार ', 'नंदुरबार ', 'शिंदगव्हाण'),
(398, 'Nandurbar', 'Nandurbar', 'Shirwade', 'नंदुरबार ', 'नंदुरबार ', 'शिरवाडे'),
(399, 'Nandurbar', 'Nandurbar', 'Shivpur', 'नंदुरबार ', 'नंदुरबार ', 'शिवपूर'),
(400, 'Nandurbar', 'Nandurbar', 'Shrirampur', 'नंदुरबार ', 'नंदुरबार ', 'श्रीरामपूर'),
(401, 'Nandurbar', 'Nandurbar', 'Songir', 'नंदुरबार ', 'नंदुरबार ', 'सोनगीर'),
(402, 'Nandurbar', 'Nandurbar', 'Sujalpur', 'नंदुरबार ', 'नंदुरबार ', 'सुजलपूर'),
(403, 'Nandurbar', 'Nandurbar', 'Sundarde', 'नंदुरबार ', 'नंदुरबार ', 'सुंदरडे'),
(404, 'Nandurbar', 'Nandurbar', 'Sutare', 'नंदुरबार ', 'नंदुरबार ', 'सुतारे'),
(405, 'Nandurbar', 'Nandurbar', 'Talwade Bk', 'नंदुरबार ', 'नंदुरबार ', 'तळवडे बी.के'),
(406, 'Nandurbar', 'Nandurbar', 'Tarapur', 'नंदुरबार ', 'नंदुरबार ', 'तारापूर'),
(407, 'Nandurbar', 'Nandurbar', 'Thanepada', 'नंदुरबार ', 'नंदुरबार ', 'ठाणेपाडा'),
(408, 'Nandurbar', 'Nandurbar', 'Tilali', 'नंदुरबार ', 'नंदुरबार ', 'तिलाली'),
(409, 'Nandurbar', 'Nandurbar', 'Tishi', 'नंदुरबार ', 'नंदुरबार ', 'तिशी'),
(410, 'Nandurbar', 'Nandurbar', 'Tokartale', 'नंदुरबार ', 'नंदुरबार ', 'टोकरतळे'),
(411, 'Nandurbar', 'Nandurbar', 'Umaj', 'नंदुरबार ', 'नंदुरबार ', 'उमज'),
(412, 'Nandurbar', 'Nandurbar', 'Umarde Bk', 'नंदुरबार ', 'नंदुरबार ', 'उमर्डे बी.के'),
(413, 'Nandurbar', 'Nandurbar', 'Umarde Kh', 'नंदुरबार ', 'नंदुरबार ', 'उमर्डे ख'),
(414, 'Nandurbar', 'Nandurbar', 'Umargaon', 'नंदुरबार ', 'नंदुरबार ', 'उमरगाव'),
(415, 'Nandurbar', 'Nandurbar', 'Vadbare', 'नंदुरबार ', 'नंदुरबार ', 'वडबारे'),
(416, 'Nandurbar', 'Nandurbar', 'Vaindane', 'नंदुरबार ', 'नंदुरबार ', 'वैंदाणे'),
(417, 'Nandurbar', 'Nandurbar', 'Vasadare', 'नंदुरबार ', 'नंदुरबार ', 'वसादरे'),
(418, 'Nandurbar', 'Nandurbar', 'Vawad', 'नंदुरबार ', 'नंदुरबार ', 'वावड'),
(419, 'Nandurbar', 'Nandurbar', 'Velawad', 'नंदुरबार ', 'नंदुरबार ', 'वेलावड'),
(420, 'Nandurbar', 'Nandurbar', 'Vikharan', 'नंदुरबार ', 'नंदुरबार ', 'विखरण'),
(421, 'Nandurbar', 'Nandurbar', 'Virchak', 'नंदुरबार ', 'नंदुरबार ', 'विरचक'),
(422, 'Nandurbar', 'Nandurbar', 'Vyahur', 'नंदुरबार ', 'नंदुरबार ', 'व्याहूर'),
(423, 'Nandurbar', 'Nandurbar', 'Wadgaon', 'नंदुरबार ', 'नंदुरबार ', 'वडगाव'),
(424, 'Nandurbar', 'Nandurbar', 'Wadjakhan', 'नंदुरबार ', 'नंदुरबार ', 'वडजखान'),
(425, 'Nandurbar', 'Nandurbar', 'Wadwad', 'नंदुरबार ', 'नंदुरबार ', 'वडवड'),
(426, 'Nandurbar', 'Nandurbar', 'Waghale', 'नंदुरबार ', 'नंदुरबार ', 'वाघाळे'),
(427, 'Nandurbar', 'Nandurbar', 'Waghode', 'नंदुरबार ', 'नंदुरबार ', 'वाघोडे'),
(428, 'Nandurbar', 'Nandurbar', 'Wagshepa', 'नंदुरबार ', 'नंदुरबार ', 'वाघशेपा'),
(429, 'Nandurbar', 'Nandurbar', 'Wankute', 'नंदुरबार ', 'नंदुरबार ', 'वणकुटे'),
(430, 'Nandurbar', 'Nandurbar', 'Warul', 'नंदुरबार ', 'नंदुरबार ', 'वारुळ'),
(431, 'Nandurbar', 'Nandurbar', 'Waslai', 'नंदुरबार ', 'नंदुरबार ', 'वासलई'),
(432, 'Nandurbar', 'Shahada', 'Abhanpur', 'नंदुरबार ', 'शहादा ', 'अभाणपुर'),
(433, 'Nandurbar', 'Shahada', 'Adgaon', 'नंदुरबार ', 'शहादा ', 'आडगाव'),
(434, 'Nandurbar', 'Shahada', 'Akaspur', 'नंदुरबार ', 'शहादा ', 'आकसपूर'),
(435, 'Nandurbar', 'Shahada', 'Alkhed', 'नंदुरबार ', 'शहादा ', 'अलखेड'),
(436, 'Nandurbar', 'Shahada', 'Ambapur', 'नंदुरबार ', 'शहादा ', 'अंबापूर'),
(437, 'Nandurbar', 'Shahada', 'Amode', 'नंदुरबार ', 'शहादा ', 'आमोदे'),
(438, 'Nandurbar', 'Shahada', 'Anakwade', 'नंदुरबार ', 'शहादा ', 'अनकवाडे'),
(439, 'Nandurbar', 'Shahada', 'Anarad', 'नंदुरबार ', 'शहादा ', 'अनरद'),
(440, 'Nandurbar', 'Shahada', 'Asalod', 'नंदुरबार ', 'शहादा ', 'असलोद'),
(441, 'Nandurbar', 'Shahada', 'Asus', 'नंदुरबार ', 'शहादा ', 'आसुस'),
(442, 'Nandurbar', 'Shahada', 'Aurangpur', 'नंदुरबार ', 'शहादा ', 'औरंगपूर'),
(443, 'Nandurbar', 'Shahada', 'Awage', 'नंदुरबार ', 'शहादा ', 'आवगे'),
(444, 'Nandurbar', 'Shahada', 'Bahirpur', 'नंदुरबार ', 'शहादा ', 'बहिरपूर'),
(445, 'Nandurbar', 'Shahada', 'Bamkheda-t-sarangkheda', 'नंदुरबार ', 'शहादा ', 'बामखेडा तर्फे सारंगखेडा'),
(446, 'Nandurbar', 'Shahada', 'Bamkheda-t-tarhad', 'नंदुरबार ', 'शहादा ', 'बामखेडा तर्फे तऱ्हाड'),
(447, 'Nandurbar', 'Shahada', 'Bhade', 'नंदुरबार ', 'शहादा ', 'भादे'),
(448, 'Nandurbar', 'Shahada', 'Bhadgaon', 'नंदुरबार ', 'शहादा ', 'भडगाव'),
(449, 'Nandurbar', 'Shahada', 'Bhagapur', 'नंदुरबार ', 'शहादा ', 'भागापूर'),
(450, 'Nandurbar', 'Shahada', 'Bhongra', 'नंदुरबार ', 'शहादा ', 'भोंगरा'),
(451, 'Nandurbar', 'Shahada', 'Bhortek', 'नंदुरबार ', 'शहादा ', 'भोरटेक'),
(452, 'Nandurbar', 'Shahada', 'Bhulane', 'नंदुरबार ', 'शहादा ', 'भुलाने'),
(453, 'Nandurbar', 'Shahada', 'Bhute', 'नंदुरबार ', 'शहादा ', 'भुते'),
(454, 'Nandurbar', 'Shahada', 'Biladi-t-haveli', 'नंदुरबार ', 'शहादा ', 'बिलाडी तर्फे हवेली'),
(455, 'Nandurbar', 'Shahada', 'Biladi-t-sarangkheda', 'नंदुरबार ', 'शहादा ', 'बिलाडी तर्फे सारंगखेडा'),
(456, 'Nandurbar', 'Shahada', 'Borale', 'नंदुरबार ', 'शहादा ', 'बोराळे'),
(457, 'Nandurbar', 'Shahada', 'Bramhanpuri', 'नंदुरबार ', 'शहादा ', 'ब्राह्मणपुरी'),
(458, 'Nandurbar', 'Shahada', 'Budigavhan', 'नंदुरबार ', 'शहादा ', 'बुडीगव्हाण'),
(459, 'Nandurbar', 'Shahada', 'Bupkari', 'नंदुरबार ', 'शहादा ', 'बुपकरी'),
(460, 'Nandurbar', 'Shahada', 'Chandsaili (525505)', 'नंदुरबार ', 'शहादा ', 'चांदसैली (525505)'),
(461, 'Nandurbar', 'Shahada', 'Chandsaili (525539)', 'नंदुरबार ', 'शहादा ', 'चांदसैली (525539)'),
(462, 'Nandurbar', 'Shahada', 'Chikhali Bk', 'नंदुरबार ', 'शहादा ', 'चिखली बु.'),
(463, 'Nandurbar', 'Shahada', 'Chikhali Kh.', 'नंदुरबार ', 'शहादा ', 'चिखली खु.'),
(464, 'Nandurbar', 'Shahada', 'Chirde', 'नंदुरबार ', 'शहादा ', 'चिरडे'),
(465, 'Nandurbar', 'Shahada', 'Chirkhan', 'नंदुरबार ', 'शहादा ', 'चिरखान'),
(466, 'Nandurbar', 'Shahada', 'Damalda', 'नंदुरबार ', 'शहादा ', 'दामळदा'),
(467, 'Nandurbar', 'Shahada', 'Damarkheda', 'नंदुरबार ', 'शहादा ', 'डामरखेडा'),
(468, 'Nandurbar', 'Shahada', 'Dara', 'नंदुरबार ', 'शहादा ', 'दरा'),
(469, 'Nandurbar', 'Shahada', 'Deur', 'नंदुरबार ', 'शहादा ', 'देऊर'),
(470, 'Nandurbar', 'Shahada', 'Dhamlad', 'नंदुरबार ', 'शहादा ', 'धमलाड'),
(471, 'Nandurbar', 'Shahada', 'Dhandre Bk', 'नंदुरबार ', 'शहादा ', 'धांद्रे बु.'),
(472, 'Nandurbar', 'Shahada', 'Dhandre Kh.', 'नंदुरबार ', 'शहादा ', 'धांद्रे खु.'),
(473, 'Nandurbar', 'Shahada', 'Dhurkheda', 'नंदुरबार ', 'शहादा ', 'धुरखेडा'),
(474, 'Nandurbar', 'Shahada', 'Dondwade', 'नंदुरबार ', 'शहादा ', 'दोंदवाडे'),
(475, 'Nandurbar', 'Shahada', 'Dongargaon', 'नंदुरबार ', 'शहादा ', 'डोंगरगाव'),
(476, 'Nandurbar', 'Shahada', 'Dudhkheda', 'नंदुरबार ', 'शहादा ', 'दुधखेडा'),
(477, 'Nandurbar', 'Shahada', 'Fattepur', 'नंदुरबार ', 'शहादा ', 'फत्तेपूर'),
(478, 'Nandurbar', 'Shahada', 'Fes', 'नंदुरबार ', 'शहादा ', 'फेस'),
(479, 'Nandurbar', 'Shahada', 'Ganor', 'नंदुरबार ', 'शहादा ', 'गणोर'),
(480, 'Nandurbar', 'Shahada', 'Ghodlepada', 'नंदुरबार ', 'शहादा ', 'घोडलेपाडा'),
(481, 'Nandurbar', 'Shahada', 'Godipur', 'नंदुरबार ', 'शहादा ', 'गोदीपूर'),
(482, 'Nandurbar', 'Shahada', 'Gogapur', 'नंदुरबार ', 'शहादा ', 'गोगापूर'),
(483, 'Nandurbar', 'Shahada', 'Hingani', 'नंदुरबार ', 'शहादा ', 'हिंगणी'),
(484, 'Nandurbar', 'Shahada', 'Hol', 'नंदुरबार ', 'शहादा ', 'होळ'),
(485, 'Nandurbar', 'Shahada', 'Hol-gujari', 'नंदुरबार ', 'शहादा ', 'होळगुजरी'),
(486, 'Nandurbar', 'Shahada', 'Isalampur', 'नंदुरबार ', 'शहादा ', 'इस्लामपूर'),
(487, 'Nandurbar', 'Shahada', 'Jaavade-t-haveli', 'नंदुरबार ', 'शहादा ', 'जावदे तर्फे हवेली'),
(488, 'Nandurbar', 'Shahada', 'Jainagar', 'नंदुरबार ', 'शहादा ', 'जयनगर'),
(489, 'Nandurbar', 'Shahada', 'Jam', 'नंदुरबार ', 'शहादा ', 'जाम'),
(490, 'Nandurbar', 'Shahada', 'Javade-t-borad', 'नंदुरबार ', 'शहादा ', 'जावदे तर्फे बोरद'),
(491, 'Nandurbar', 'Shahada', 'Javkhede', 'नंदुरबार ', 'शहादा ', 'जवखेडे'),
(492, 'Nandurbar', 'Shahada', 'Junavane', 'नंदुरबार ', 'शहादा ', 'जुनवणे'),
(493, 'Nandurbar', 'Shahada', 'Kahatul', 'नंदुरबार ', 'शहादा ', 'कहाटूळ'),
(494, 'Nandurbar', 'Shahada', 'Kakarde Bk', 'नंदुरबार ', 'शहादा ', 'काकर्दे बु.'),
(495, 'Nandurbar', 'Shahada', 'Kakarde Kh', 'नंदुरबार ', 'शहादा ', 'काकर्दे खु.'),
(496, 'Nandurbar', 'Shahada', 'Kalambu', 'नंदुरबार ', 'शहादा ', 'कळंबू'),
(497, 'Nandurbar', 'Shahada', 'Kalmadi-t-borad', 'नंदुरबार ', 'शहादा ', 'कलमाडी तर्फे बोरद'),
(498, 'Nandurbar', 'Shahada', 'Kalmadi-t-haveli', 'नंदुरबार ', 'शहादा ', 'कलमाडी तर्फे हवेली'),
(499, 'Nandurbar', 'Shahada', 'Kalsadi', 'नंदुरबार ', 'शहादा ', 'कलसाडी'),
(500, 'Nandurbar', 'Shahada', 'Kamaravad', 'नंदुरबार ', 'शहादा ', 'कमरावद'),
(501, 'Nandurbar', 'Shahada', 'Kanadi Kh', 'नंदुरबार ', 'शहादा ', 'कानडी खु.'),
(502, 'Nandurbar', 'Shahada', 'Kanadi-t-haveli', 'नंदुरबार ', 'शहादा ', 'कानडी तर्फे हवेली'),
(503, 'Nandurbar', 'Shahada', 'Kansai', 'नंदुरबार ', 'शहादा ', 'कन्साई'),
(504, 'Nandurbar', 'Shahada', 'Karajai', 'नंदुरबार ', 'शहादा ', 'करजई'),
(505, 'Nandurbar', 'Shahada', 'Karankheda', 'नंदुरबार ', 'शहादा ', 'करणखेडा'),
(506, 'Nandurbar', 'Shahada', 'Karjot', 'नंदुरबार ', 'शहादा ', 'कर्जोत'),
(507, 'Nandurbar', 'Shahada', 'Katghar', 'नंदुरबार ', 'शहादा ', 'काटघर'),
(508, 'Nandurbar', 'Shahada', 'Katharde Kh', 'नंदुरबार ', 'शहादा ', 'काथर्दे खु.'),
(509, 'Nandurbar', 'Shahada', 'Katharde-digar', 'नंदुरबार ', 'शहादा ', 'काथर्दे दिगर'),
(510, 'Nandurbar', 'Shahada', 'Kauthal-t-sarangkheda', 'नंदुरबार ', 'शहादा ', 'कौठळ तर्फे सारंगखेडा'),
(511, 'Nandurbar', 'Shahada', 'Kauthal-t-shahade', 'नंदुरबार ', 'शहादा ', 'कौठळ तर्फे शहादे'),
(512, 'Nandurbar', 'Shahada', 'Kavalith', 'नंदुरबार ', 'शहादा ', 'कवळीथ'),
(513, 'Nandurbar', 'Shahada', 'Khairve', 'नंदुरबार ', 'शहादा ', 'खैरवे'),
(514, 'Nandurbar', 'Shahada', 'Khamkheda', 'नंदुरबार ', 'शहादा ', 'कमखेडा'),
(515, 'Nandurbar', 'Shahada', 'Khaparkheda', 'नंदुरबार ', 'शहादा ', 'खापरखेडा'),
(516, 'Nandurbar', 'Shahada', 'Khargaon', 'नंदुरबार ', 'शहादा ', 'खरगोन'),
(517, 'Nandurbar', 'Shahada', 'Khed-digar', 'नंदुरबार ', 'शहादा ', 'खेड दिगर'),
(518, 'Nandurbar', 'Shahada', 'Kochara', 'नंदुरबार ', 'शहादा ', 'कोचरा'),
(519, 'Nandurbar', 'Shahada', 'Kondaval', 'नंदुरबार ', 'शहादा ', 'कोंढावळ'),
(520, 'Nandurbar', 'Shahada', 'Kotbandhani', 'नंदुरबार ', 'शहादा ', 'कोटबांधणी'),
(521, 'Nandurbar', 'Shahada', 'Kothali-t-haveli', 'नंदुरबार ', 'शहादा ', 'कोठली तर्फे हवेली'),
(522, 'Nandurbar', 'Shahada', 'Kothali-t-sarangkheda', 'नंदुरबार ', 'शहादा ', 'कोठली तर्फे सारंगखेडा'),
(523, 'Nandurbar', 'Shahada', 'Kudhavad', 'नंदुरबार ', 'शहादा ', 'कुढावद'),
(524, 'Nandurbar', 'Shahada', 'Kukaval', 'नंदुरबार ', 'शहादा ', 'कुकावल'),
(525, 'Nandurbar', 'Shahada', 'Kukdel', 'नंदुरबार ', 'शहादा ', 'कुकडेल'),
(526, 'Nandurbar', 'Shahada', 'Kurangi', 'नंदुरबार ', 'शहादा ', 'कुरंगी'),
(527, 'Nandurbar', 'Shahada', 'Kurhavad-t-sarangkheda', 'नंदुरबार ', 'शहादा ', 'कुऱ्हावद तर्फे सारंगखेडा'),
(528, 'Nandurbar', 'Shahada', 'Kusumwade', 'नंदुरबार ', 'शहादा ', 'कुसुमवाडे'),
(529, 'Nandurbar', 'Shahada', 'Lachore', 'नंदुरबार ', 'शहादा ', 'लाछोरे'),
(530, 'Nandurbar', 'Shahada', 'Lakkadkot', 'नंदुरबार ', 'शहादा ', 'लक्कडकोट'),
(531, 'Nandurbar', 'Shahada', 'Lambola', 'नंदुरबार ', 'शहादा ', 'लांबोळा'),
(532, 'Nandurbar', 'Shahada', 'Langadi-bhavani', 'नंदुरबार ', 'शहादा ', 'लंगडी भवानी'),
(533, 'Nandurbar', 'Shahada', 'Limbardi', 'नंदुरबार ', 'शहादा ', 'लिंबर्डी'),
(534, 'Nandurbar', 'Shahada', 'Lohare', 'नंदुरबार ', 'शहादा ', 'लोहारे'),
(535, 'Nandurbar', 'Shahada', 'Londhare', 'नंदुरबार ', 'शहादा ', 'लोंढरे'),
(536, 'Nandurbar', 'Shahada', 'Lonkheda', 'नंदुरबार ', 'शहादा ', 'लोणखेडा'),
(537, 'Nandurbar', 'Shahada', 'Madkani', 'नंदुरबार ', 'शहादा ', 'मडकाणी'),
(538, 'Nandurbar', 'Shahada', 'Malgaon', 'नंदुरबार ', 'शहादा ', 'मलगाव'),
(539, 'Nandurbar', 'Shahada', 'Maloni', 'नंदुरबार ', 'शहादा ', 'मलोनी'),
(540, 'Nandurbar', 'Shahada', 'Manarad', 'नंदुरबार ', 'शहादा ', 'मनरद'),
(541, 'Nandurbar', 'Shahada', 'Mandane', 'नंदुरबार ', 'शहादा ', 'मंदाणे'),
(542, 'Nandurbar', 'Shahada', 'Manmodya', 'नंदुरबार ', 'शहादा ', 'मानमोडया'),
(543, 'Nandurbar', 'Shahada', 'Matkut', 'नंदुरबार ', 'शहादा ', 'मातकुट'),
(544, 'Nandurbar', 'Shahada', 'Mhasavad', 'नंदुरबार ', 'शहादा ', 'म्हसावद'),
(545, 'Nandurbar', 'Shahada', 'Mohide-t-shahade', 'नंदुरबार ', 'शहादा ', 'मोहिदे तर्फे शहादे'),
(546, 'Nandurbar', 'Shahada', 'Mohinde-t-haveli', 'नंदुरबार ', 'शहादा ', 'मोहिदे तर्फे हवेली'),
(547, 'Nandurbar', 'Shahada', 'Mubarakpur', 'नंदुरबार ', 'शहादा ', 'मुबारकपूर'),
(548, 'Nandurbar', 'Shahada', 'Nagziri', 'नंदुरबार ', 'शहादा ', 'नागझिरी'),
(549, 'Nandurbar', 'Shahada', 'Nandarde', 'नंदुरबार ', 'शहादा ', 'नांदर्डे'),
(550, 'Nandurbar', 'Shahada', 'Nandarkheda', 'नंदुरबार ', 'शहादा ', 'नांदरखेडा'),
(551, 'Nandurbar', 'Shahada', 'Nandya', 'नंदुरबार ', 'शहादा ', 'नांद्या'),
(552, 'Nandurbar', 'Shahada', 'Navagaon (F.V.)', 'नंदुरबार ', 'शहादा ', 'नवागाव'),
(553, 'Nandurbar', 'Shahada', 'Navalpur', 'नंदुरबार ', 'शहादा ', 'नवलपूर'),
(554, 'Nandurbar', 'Shahada', 'Navanagar', 'नंदुरबार ', 'शहादा ', 'नवानगर'),
(555, 'Nandurbar', 'Shahada', 'New-aslod', 'नंदुरबार ', 'शहादा ', 'न्यू असलोद'),
(556, 'Nandurbar', 'Shahada', 'Nimbhora', 'नंदुरबार ', 'शहादा ', 'निंभोरा'),
(557, 'Nandurbar', 'Shahada', 'Ozarte', 'नंदुरबार ', 'शहादा ', 'ओझर्टे'),
(558, 'Nandurbar', 'Shahada', 'Padalde-bk', 'नंदुरबार ', 'शहादा ', 'पाडळदे बु.'),
(559, 'Nandurbar', 'Shahada', 'Padalde-kh.', 'नंदुरबार ', 'शहादा ', 'पाडळदे खु.'),
(560, 'Nandurbar', 'Shahada', 'Palasvade', 'नंदुरबार ', 'शहादा ', 'पळासवाडे'),
(561, 'Nandurbar', 'Shahada', 'Pari', 'नंदुरबार ', 'शहादा ', 'परी'),
(562, 'Nandurbar', 'Shahada', 'Pimparde', 'नंदुरबार ', 'शहादा ', 'पिंपर्डे'),
(563, 'Nandurbar', 'Shahada', 'Pimplod', 'नंदुरबार ', 'शहादा ', 'पिंपळोद'),
(564, 'Nandurbar', 'Shahada', 'Pimprani', 'नंदुरबार ', 'शहादा ', 'प्रीप्राणी'),
(565, 'Nandurbar', 'Shahada', 'Pimpri', 'नंदुरबार ', 'शहादा ', 'पिंप्री'),
(566, 'Nandurbar', 'Shahada', 'Pingane', 'नंदुरबार ', 'शहादा ', 'पिंगाणे'),
(567, 'Nandurbar', 'Shahada', 'Prakasha', 'नंदुरबार ', 'शहादा ', 'प्रकाशा'),
(568, 'Nandurbar', 'Shahada', 'Purushottamnagar', 'नंदुरबार ', 'शहादा ', 'पूरुषोत्तमनगर'),
(569, 'Nandurbar', 'Shahada', 'Pusanad', 'नंदुरबार ', 'शहादा ', 'पुसनद'),
(570, 'Nandurbar', 'Shahada', 'Raikhed', 'नंदुरबार ', 'शहादा ', 'रायखेड'),
(571, 'Nandurbar', 'Shahada', 'Rampur', 'नंदुरबार ', 'शहादा ', 'रामपूर'),
(572, 'Nandurbar', 'Shahada', 'Ranipur', 'नंदुरबार ', 'शहादा ', 'राणीपूर'),
(573, 'Nandurbar', 'Shahada', 'Sarangkheda', 'नंदुरबार ', 'शहादा ', 'सारंगखेडा'),
(574, 'Nandurbar', 'Shahada', 'Sasade', 'नंदुरबार ', 'शहादा ', 'ससदे'),
(575, 'Nandurbar', 'Shahada', 'Sawakheda', 'नंदुरबार ', 'शहादा ', 'सावखेडा'),
(576, 'Nandurbar', 'Shahada', 'Sawalde', 'नंदुरबार ', 'शहादा ', 'सावळदे'),
(577, 'Nandurbar', 'Shahada', 'Shahada', 'नंदुरबार ', 'शहादा ', 'शहादा'),
(578, 'Nandurbar', 'Shahada', 'Shahade (M Cl)', 'नंदुरबार ', 'शहादा ', 'शहादे (शहरी )'),
(579, 'Nandurbar', 'Shahada', 'Shahade (r)', 'नंदुरबार ', 'शहादा ', 'शहादा (ग्रामीण)'),
(580, 'Nandurbar', 'Shahada', 'Shahana', 'नंदुरबार ', 'शहादा ', 'शहाणा'),
(581, 'Nandurbar', 'Shahada', 'Shelti', 'नंदुरबार ', 'शहादा ', 'शेल्टी'),
(582, 'Nandurbar', 'Shahada', 'Shirud-digar', 'नंदुरबार ', 'शहादा ', 'शिरुड दिगर'),
(583, 'Nandurbar', 'Shahada', 'Shirud-t-haveli', 'नंदुरबार ', 'शहादा ', 'शिरुड तर्फे हवेली'),
(584, 'Nandurbar', 'Shahada', 'Shrikhed', 'नंदुरबार ', 'शहादा ', 'श्रीखेड'),
(585, 'Nandurbar', 'Shahada', 'Sonvad-t-s', 'नंदुरबार ', 'शहादा ', 'सोनवद त. श.'),
(586, 'Nandurbar', 'Shahada', 'Sonval-t-borad', 'नंदुरबार ', 'शहादा ', 'सोनवल तर्फे बोरद'),
(587, 'Nandurbar', 'Shahada', 'Sonval-t-haveli', 'नंदुरबार ', 'शहादा ', 'सोनवल त. हवेली'),
(588, 'Nandurbar', 'Shahada', 'Sultanpur', 'नंदुरबार ', 'शहादा ', 'सुलतानपूर'),
(589, 'Nandurbar', 'Shahada', 'Sulwade', 'नंदुरबार ', 'शहादा ', 'सुलवाडे'),
(590, 'Nandurbar', 'Shahada', 'Talavadi', 'नंदुरबार ', 'शहादा ', 'तलावडी'),
(591, 'Nandurbar', 'Shahada', 'Tarhadi', 'नंदुरबार ', 'शहादा ', 'तऱ्हाडी '),
(592, 'Nandurbar', 'Shahada', 'Tarhadi-t-borad', 'नंदुरबार ', 'शहादा ', 'बोरद'),
(593, 'Nandurbar', 'Shahada', 'Tawalai', 'नंदुरबार ', 'शहादा ', 'टवळाई'),
(594, 'Nandurbar', 'Shahada', 'Tembhali', 'नंदुरबार ', 'शहादा ', 'टेंभली'),
(595, 'Nandurbar', 'Shahada', 'Tembhe Bk', 'नंदुरबार ', 'शहादा ', 'टेंभे बु.'),
(596, 'Nandurbar', 'Shahada', 'Tembhe-t-s', 'नंदुरबार ', 'शहादा ', 'टेंभे त.श.'),
(597, 'Nandurbar', 'Shahada', 'Thengche', 'नंदुरबार ', 'शहादा ', 'ठेंगचे'),
(598, 'Nandurbar', 'Shahada', 'Tidhare', 'नंदुरबार ', 'शहादा ', 'तिधारे'),
(599, 'Nandurbar', 'Shahada', 'Tikhore', 'नंदुरबार ', 'शहादा ', 'तिखोरे'),
(600, 'Nandurbar', 'Shahada', 'Titari', 'नंदुरबार ', 'शहादा ', 'तितरी'),
(601, 'Nandurbar', 'Shahada', 'Torkheda', 'नंदुरबार ', 'शहादा ', 'तोरखेडा'),
(602, 'Nandurbar', 'Shahada', 'Tuki', 'नंदुरबार ', 'शहादा ', 'टूकी'),
(603, 'Nandurbar', 'Shahada', 'Ubhadagad', 'नंदुरबार ', 'शहादा ', 'उभादगड'),
(604, 'Nandurbar', 'Shahada', 'Udhalod', 'नंदुरबार ', 'शहादा ', 'उजळोद'),
(605, 'Nandurbar', 'Shahada', 'Ukhalshem', 'नंदुरबार ', 'शहादा ', 'उखळशेम'),
(606, 'Nandurbar', 'Shahada', 'Umarti', 'नंदुरबार ', 'शहादा ', 'उमर्टी'),
(607, 'Nandurbar', 'Shahada', 'Untavad', 'नंदुरबार ', 'शहादा ', 'उंटावद'),
(608, 'Nandurbar', 'Shahada', 'Vadachil', 'नंदुरबार ', 'शहादा ', 'वडछील'),
(609, 'Nandurbar', 'Shahada', 'Vadali', 'नंदुरबार ', 'शहादा ', 'वडाळी'),
(610, 'Nandurbar', 'Shahada', 'Vadgaon', 'नंदुरबार ', 'शहादा ', 'वडगाव'),
(611, 'Nandurbar', 'Shahada', 'Vaijali', 'नंदुरबार ', 'शहादा ', 'वैजाली'),
(612, 'Nandurbar', 'Shahada', 'Varde', 'नंदुरबार ', 'शहादा ', 'वर्ढे'),
(613, 'Nandurbar', 'Shahada', 'Vardhe', 'नंदुरबार ', 'शहादा ', 'वर्धे'),
(614, 'Nandurbar', 'Shahada', 'Varul-t-s', 'नंदुरबार ', 'शहादा ', 'वरूळ त.श.'),
(615, 'Nandurbar', 'Shahada', 'Virpur', 'नंदुरबार ', 'शहादा ', 'वीरपुर'),
(616, 'Nandurbar', 'Shahada', 'Wadi', 'नंदुरबार ', 'शहादा ', 'वाडी'),
(617, 'Nandurbar', 'Shahada', 'Wagharde', 'नंदुरबार ', 'शहादा ', 'वाघर्डे'),
(618, 'Nandurbar', 'Shahada', 'Waghode', 'नंदुरबार ', 'शहादा ', 'वाघोदे'),
(619, 'Nandurbar', 'Shahada', 'Welavad', 'नंदुरबार ', 'शहादा ', 'वेळावद'),
(620, 'Nandurbar', 'Akkalkuwa', 'Akkalkuwa (CT)', 'नंदुरबार ', 'अक्कलकुवा', 'अक्कलकुवा (CT)'),
(621, 'Nandurbar', 'Akkalkuwa', 'Alivihir', 'नंदुरबार ', 'अक्कलकुवा', 'अलीविहीर'),
(622, 'Nandurbar', 'Akkalkuwa', 'Amali', 'नंदुरबार ', 'अक्कलकुवा', 'आमली'),
(623, 'Nandurbar', 'Akkalkuwa', 'Amali Bari', 'नंदुरबार ', 'अक्कलकुवा', 'अमली बारी'),
(624, 'Nandurbar', 'Akkalkuwa', 'Amaliphali', 'नंदुरबार ', 'अक्कलकुवा', 'अमलीफळी'),
(625, 'Nandurbar', 'Akkalkuwa', 'Ambabari', 'नंदुरबार ', 'अक्कलकुवा', 'अंबाबारी'),
(626, 'Nandurbar', 'Akkalkuwa', 'Ambaribar', 'नंदुरबार ', 'अक्कलकुवा', 'अंबरीबार'),
(627, 'Nandurbar', 'Akkalkuwa', 'Ankushvihir (Bri)', 'नंदुरबार ', 'अक्कलकुवा', 'अंकुशविहीर (ब्रि)'),
(628, 'Nandurbar', 'Akkalkuwa', 'Ankushvihir (bri)', 'नंदुरबार ', 'अक्कलकुवा', 'अंकुशविहिर (ब्रि)'),
(629, 'Nandurbar', 'Akkalkuwa', 'Arethi', 'नंदुरबार ', 'अक्कलकुवा', 'अरेठी'),
(630, 'Nandurbar', 'Akkalkuwa', 'Bagda', 'नंदुरबार ', 'अक्कलकुवा', 'बागडा'),
(631, 'Nandurbar', 'Akkalkuwa', 'Balaghat', 'नंदुरबार ', 'अक्कलकुवा', 'बालाघाट'),
(632, 'Nandurbar', 'Akkalkuwa', 'Bamangaon', 'नंदुरबार ', 'अक्कलकुवा', 'बामणगाव'),
(633, 'Nandurbar', 'Akkalkuwa', 'Bamani', 'नंदुरबार ', 'अक्कलकुवा', 'बामणी'),
(634, 'Nandurbar', 'Akkalkuwa', 'Bardi', 'नंदुरबार ', 'अक्कलकुवा', 'बर्डी'),
(635, 'Nandurbar', 'Akkalkuwa', 'Barisugas', 'नंदुरबार ', 'अक्कलकुवा', 'बरीसुगास'),
(636, 'Nandurbar', 'Akkalkuwa', 'Bedakund', 'नंदुरबार ', 'अक्कलकुवा', 'बेडकुंड'),
(637, 'Nandurbar', 'Akkalkuwa', 'Beti', 'नंदुरबार ', 'अक्कलकुवा', 'बेटी'),
(638, 'Nandurbar', 'Akkalkuwa', 'Bhabalpur', 'नंदुरबार ', 'अक्कलकुवा', 'भाबलपूर'),
(639, 'Nandurbar', 'Akkalkuwa', 'Bhagdari', 'नंदुरबार ', 'अक्कलकुवा', 'भागदरी'),
(640, 'Nandurbar', 'Akkalkuwa', 'Bhangrapani', 'नंदुरबार ', 'अक्कलकुवा', 'भांगरापाणी'),
(641, 'Nandurbar', 'Akkalkuwa', 'Bharadipadar', 'नंदुरबार ', 'अक्कलकुवा', 'भराडीपदर'),
(642, 'Nandurbar', 'Akkalkuwa', 'Bharkund', 'नंदुरबार ', 'अक्कलकुवा', 'भरकुंड'),
(643, 'Nandurbar', 'Akkalkuwa', 'Bhovara', 'नंदुरबार ', 'अक्कलकुवा', 'भोवरा'),
(644, 'Nandurbar', 'Akkalkuwa', 'Bijaligavhan', 'नंदुरबार ', 'अक्कलकुवा', 'बिजलीगव्हाण'),
(645, 'Nandurbar', 'Akkalkuwa', 'Bijaripati', 'नंदुरबार ', 'अक्कलकुवा', 'बिजारीपती'),
(646, 'Nandurbar', 'Akkalkuwa', 'Bokhadi', 'नंदुरबार ', 'अक्कलकुवा', 'बोखडी'),
(647, 'Nandurbar', 'Akkalkuwa', 'Boripada', 'नंदुरबार ', 'अक्कलकुवा', 'बोरीपाडा'),
(648, 'Nandurbar', 'Akkalkuwa', 'Chandpur', 'नंदुरबार ', 'अक्कलकुवा', 'चांदपूर'),
(649, 'Nandurbar', 'Akkalkuwa', 'Chanwai', 'नंदुरबार ', 'अक्कलकुवा', 'चणवई');
INSERT INTO `villages` (`village_id`, `district_name`, `taluka_name`, `village_name`, `district_name_marathi`, `taluka_name_marathi`, `village_name_marathi`) VALUES
(650, 'Nandurbar', 'Akkalkuwa', 'Chapadi', 'नंदुरबार ', 'अक्कलकुवा', 'चापडी'),
(651, 'Nandurbar', 'Akkalkuwa', 'Chhote Udepur', 'नंदुरबार ', 'अक्कलकुवा', 'छोटे उदेपूर'),
(652, 'Nandurbar', 'Akkalkuwa', 'Chikhali', 'नंदुरबार ', 'अक्कलकुवा', 'चिखली'),
(653, 'Nandurbar', 'Akkalkuwa', 'Chimalkhadi', 'नंदुरबार ', 'अक्कलकुवा', 'चिमलखडी'),
(654, 'Nandurbar', 'Akkalkuwa', 'Chivalutar', 'नंदुरबार ', 'अक्कलकुवा', 'चिवलुतार'),
(655, 'Nandurbar', 'Akkalkuwa', 'Dab', 'नंदुरबार ', 'अक्कलकुवा', 'डब'),
(656, 'Nandurbar', 'Akkalkuwa', 'Dahel', 'नंदुरबार ', 'अक्कलकुवा', 'दाहेल'),
(657, 'Nandurbar', 'Akkalkuwa', 'Danel', 'नंदुरबार ', 'अक्कलकुवा', 'डॅनेल'),
(658, 'Nandurbar', 'Akkalkuwa', 'Darasarapadar', 'नंदुरबार ', 'अक्कलकुवा', 'दरसरपदार'),
(659, 'Nandurbar', 'Akkalkuwa', 'Deomogaranagar', 'नंदुरबार ', 'अक्कलकुवा', 'देवमोगरानगर'),
(660, 'Nandurbar', 'Akkalkuwa', 'Dhankhedi', 'नंदुरबार ', 'अक्कलकुवा', 'धनखेडी'),
(661, 'Nandurbar', 'Akkalkuwa', 'Dhebramal', 'नंदुरबार ', 'अक्कलकुवा', 'ढेब्रामल'),
(662, 'Nandurbar', 'Akkalkuwa', 'Digiamba', 'नंदुरबार ', 'अक्कलकुवा', 'दिगिआंबा'),
(663, 'Nandurbar', 'Akkalkuwa', 'Dodwa', 'नंदुरबार ', 'अक्कलकुवा', 'दोडवा'),
(664, 'Nandurbar', 'Akkalkuwa', 'Dogripada', 'नंदुरबार ', 'अक्कलकुवा', 'डोग्रीपाडा'),
(665, 'Nandurbar', 'Akkalkuwa', 'Gadwani', 'नंदुरबार ', 'अक्कलकुवा', 'गडवाणी'),
(666, 'Nandurbar', 'Akkalkuwa', 'Galotha Bk', 'नंदुरबार ', 'अक्कलकुवा', 'गलोथा बीके'),
(667, 'Nandurbar', 'Akkalkuwa', 'Galotha Kh', 'नंदुरबार ', 'अक्कलकुवा', 'गलोथा ख'),
(668, 'Nandurbar', 'Akkalkuwa', 'Gaman', 'नंदुरबार ', 'अक्कलकुवा', 'गमन'),
(669, 'Nandurbar', 'Akkalkuwa', 'Gangapur', 'नंदुरबार ', 'अक्कलकुवा', 'गाणगापूर'),
(670, 'Nandurbar', 'Akkalkuwa', 'Gavhali', 'नंदुरबार ', 'अक्कलकुवा', 'गव्हाळी'),
(671, 'Nandurbar', 'Akkalkuwa', 'Ghantani', 'नंदुरबार ', 'अक्कलकुवा', 'घंटानी'),
(672, 'Nandurbar', 'Akkalkuwa', 'Ghunsi', 'नंदुरबार ', 'अक्कलकुवा', 'घुंशी'),
(673, 'Nandurbar', 'Akkalkuwa', 'Gotpada', 'नंदुरबार ', 'अक्कलकुवा', 'गोटपाडा'),
(674, 'Nandurbar', 'Akkalkuwa', 'Guliamba', 'नंदुरबार ', 'अक्कलकुवा', 'गुलियांबा'),
(675, 'Nandurbar', 'Akkalkuwa', 'Guliumbar', 'नंदुरबार ', 'अक्कलकुवा', 'गुलियमबार'),
(676, 'Nandurbar', 'Akkalkuwa', 'Horafali', 'नंदुरबार ', 'अक्कलकुवा', 'होराफळी'),
(677, 'Nandurbar', 'Akkalkuwa', 'Hunakhamb', 'नंदुरबार ', 'अक्कलकुवा', 'हुनखांब'),
(678, 'Nandurbar', 'Akkalkuwa', 'Jamali (ka)', 'नंदुरबार ', 'अक्कलकुवा', 'जमाली (का)'),
(679, 'Nandurbar', 'Akkalkuwa', 'Jamali (umar-kuwa)', 'नंदुरबार ', 'अक्कलकुवा', 'जमाली (उमर-कुवा)'),
(680, 'Nandurbar', 'Akkalkuwa', 'Jamana', 'नंदुरबार ', 'अक्कलकुवा', 'जमाना'),
(681, 'Nandurbar', 'Akkalkuwa', 'Jambipani', 'नंदुरबार ', 'अक्कलकुवा', 'जांबीपाणी'),
(682, 'Nandurbar', 'Akkalkuwa', 'Jangathi', 'नंदुरबार ', 'अक्कलकुवा', 'जंगठी'),
(683, 'Nandurbar', 'Akkalkuwa', 'Janiamba', 'नंदुरबार ', 'अक्कलकुवा', 'जाणिआंबा'),
(684, 'Nandurbar', 'Akkalkuwa', 'Jugalkhet', 'नंदुरबार ', 'अक्कलकुवा', 'जुगलखेत'),
(685, 'Nandurbar', 'Akkalkuwa', 'Junanagarmuthas', 'नंदुरबार ', 'अक्कलकुवा', 'जुनानगरमुथास'),
(686, 'Nandurbar', 'Akkalkuwa', 'Junwani', 'नंदुरबार ', 'अक्कलकुवा', 'जुनवाणी'),
(687, 'Nandurbar', 'Akkalkuwa', 'Kadwa Mahu', 'नंदुरबार ', 'अक्कलकुवा', 'कडवा महू'),
(688, 'Nandurbar', 'Akkalkuwa', 'Kakadkhunt', 'नंदुरबार ', 'अक्कलकुवा', 'काकडखुंट'),
(689, 'Nandurbar', 'Akkalkuwa', 'Kakdiamba', 'नंदुरबार ', 'अक्कलकुवा', 'काकडीआंबा'),
(690, 'Nandurbar', 'Akkalkuwa', 'Kakerpada', 'नंदुरबार ', 'अक्कलकुवा', 'काकेरपाडा'),
(691, 'Nandurbar', 'Akkalkuwa', 'Kanjala', 'नंदुरबार ', 'अक्कलकुवा', 'कांजळा'),
(692, 'Nandurbar', 'Akkalkuwa', 'Kanjani', 'नंदुरबार ', 'अक्कलकुवा', 'कांजणी'),
(693, 'Nandurbar', 'Akkalkuwa', 'Kankala', 'नंदुरबार ', 'अक्कलकुवा', 'कंकला'),
(694, 'Nandurbar', 'Akkalkuwa', 'Kankalamal', 'नंदुरबार ', 'अक्कलकुवा', 'कंकलामल'),
(695, 'Nandurbar', 'Akkalkuwa', 'Kankali', 'नंदुरबार ', 'अक्कलकुवा', 'कंकली'),
(696, 'Nandurbar', 'Akkalkuwa', 'Kataskhai', 'नंदुरबार ', 'अक्कलकुवा', 'कटसखाई'),
(697, 'Nandurbar', 'Akkalkuwa', 'Kathi', 'नंदुरबार ', 'अक्कलकुवा', 'काठी'),
(698, 'Nandurbar', 'Akkalkuwa', 'Kauli', 'नंदुरबार ', 'अक्कलकुवा', 'कौली'),
(699, 'Nandurbar', 'Akkalkuwa', 'Kawali Gavhan', 'नंदुरबार ', 'अक्कलकुवा', 'कवळी गव्हाण'),
(700, 'Nandurbar', 'Akkalkuwa', 'Kewadi', 'नंदुरबार ', 'अक्कलकुवा', 'केवडी'),
(701, 'Nandurbar', 'Akkalkuwa', 'Khadakapani', 'नंदुरबार ', 'अक्कलकुवा', 'खडकपाणी'),
(702, 'Nandurbar', 'Akkalkuwa', 'Khadake', 'नंदुरबार ', 'अक्कलकुवा', 'खडके'),
(703, 'Nandurbar', 'Akkalkuwa', 'Khadkuna', 'नंदुरबार ', 'अक्कलकुवा', 'खडकुना'),
(704, 'Nandurbar', 'Akkalkuwa', 'Khai', 'नंदुरबार ', 'अक्कलकुवा', 'खाई'),
(705, 'Nandurbar', 'Akkalkuwa', 'Khapar (CT)', 'नंदुरबार ', 'अक्कलकुवा', 'खापर (CT)'),
(706, 'Nandurbar', 'Akkalkuwa', 'Khapran', 'नंदुरबार ', 'अक्कलकुवा', 'खापरं'),
(707, 'Nandurbar', 'Akkalkuwa', 'Khatkuwa', 'नंदुरबार ', 'अक्कलकुवा', 'खटकुवा'),
(708, 'Nandurbar', 'Akkalkuwa', 'Khatwani', 'नंदुरबार ', 'अक्कलकुवा', 'खटवानी'),
(709, 'Nandurbar', 'Akkalkuwa', 'Khodasbara', 'नंदुरबार ', 'अक्कलकुवा', 'खोडसबारा'),
(710, 'Nandurbar', 'Akkalkuwa', 'Khodi', 'नंदुरबार ', 'अक्कलकुवा', 'खोडी'),
(711, 'Nandurbar', 'Akkalkuwa', 'Khuntagavhan', 'नंदुरबार ', 'अक्कलकुवा', 'खुंटगव्हाण'),
(712, 'Nandurbar', 'Akkalkuwa', 'Khurchimal', 'नंदुरबार ', 'अक्कलकुवा', 'खुर्चीमल'),
(713, 'Nandurbar', 'Akkalkuwa', 'Kolavi', 'नंदुरबार ', 'अक्कलकुवा', 'कोळवी'),
(714, 'Nandurbar', 'Akkalkuwa', 'Kolavimal', 'नंदुरबार ', 'अक्कलकुवा', 'कोलाविमल'),
(715, 'Nandurbar', 'Akkalkuwa', 'Korai', 'नंदुरबार ', 'अक्कलकुवा', 'कोराई'),
(716, 'Nandurbar', 'Akkalkuwa', 'Kothali', 'नंदुरबार ', 'अक्कलकुवा', 'कोथळी'),
(717, 'Nandurbar', 'Akkalkuwa', 'Koyalivihir', 'नंदुरबार ', 'अक्कलकुवा', 'कोयालीविहीर'),
(718, 'Nandurbar', 'Akkalkuwa', 'Kukadipadar', 'नंदुरबार ', 'अक्कलकुवा', 'कुकडीपदर'),
(719, 'Nandurbar', 'Akkalkuwa', 'Kumbharkhan', 'नंदुरबार ', 'अक्कलकुवा', 'कुंभारखान'),
(720, 'Nandurbar', 'Akkalkuwa', 'Kuwa', 'नंदुरबार ', 'अक्कलकुवा', 'कुवा'),
(721, 'Nandurbar', 'Akkalkuwa', 'Lalpur', 'नंदुरबार ', 'अक्कलकुवा', 'लालपूर'),
(722, 'Nandurbar', 'Akkalkuwa', 'Mahukhadi', 'नंदुरबार ', 'अक्कलकुवा', 'महुखडी'),
(723, 'Nandurbar', 'Akkalkuwa', 'Mahupada', 'नंदुरबार ', 'अक्कलकुवा', 'महुपद'),
(724, 'Nandurbar', 'Akkalkuwa', 'Makranifali (CT)', 'नंदुरबार ', 'अक्कलकुवा', 'मकरनिफली (CT)'),
(725, 'Nandurbar', 'Akkalkuwa', 'Mal', 'नंदुरबार ', 'अक्कलकुवा', 'मल'),
(726, 'Nandurbar', 'Akkalkuwa', 'Malpada', 'नंदुरबार ', 'अक्कलकुवा', 'मालपाडा'),
(727, 'Nandurbar', 'Akkalkuwa', 'Mandara', 'नंदुरबार ', 'अक्कलकुवा', 'मंदारा'),
(728, 'Nandurbar', 'Akkalkuwa', 'Mandaviamba', 'नंदुरबार ', 'अक्कलकुवा', 'मांडविआंबा'),
(729, 'Nandurbar', 'Akkalkuwa', 'Mandawa', 'नंदुरबार ', 'अक्कलकुवा', 'मांडवा'),
(730, 'Nandurbar', 'Akkalkuwa', 'Manibeli', 'नंदुरबार ', 'अक्कलकुवा', 'मणिबेली'),
(731, 'Nandurbar', 'Akkalkuwa', 'Mithyafali', 'नंदुरबार ', 'अक्कलकुवा', 'मिठयाफळी'),
(732, 'Nandurbar', 'Akkalkuwa', 'Mogra', 'नंदुरबार ', 'अक्कलकुवा', 'मोगरा'),
(733, 'Nandurbar', 'Akkalkuwa', 'Mokas', 'नंदुरबार ', 'अक्कलकुवा', 'मोकास'),
(734, 'Nandurbar', 'Akkalkuwa', 'Molgi', 'नंदुरबार ', 'अक्कलकुवा', 'मोलगी'),
(735, 'Nandurbar', 'Akkalkuwa', 'Moramba', 'नंदुरबार ', 'अक्कलकुवा', 'मोरांबा'),
(736, 'Nandurbar', 'Akkalkuwa', 'Morhi', 'नंदुरबार ', 'अक्कलकुवा', 'मोर्ही'),
(737, 'Nandurbar', 'Akkalkuwa', 'Morkhi', 'नंदुरबार ', 'अक्कलकुवा', 'मोरखी'),
(738, 'Nandurbar', 'Akkalkuwa', 'Movan', 'नंदुरबार ', 'अक्कलकुवा', 'मोवन'),
(739, 'Nandurbar', 'Akkalkuwa', 'Mukhadi', 'नंदुरबार ', 'अक्कलकुवा', 'मुखडी'),
(740, 'Nandurbar', 'Akkalkuwa', 'Nain Shewadi', 'नंदुरबार ', 'अक्कलकुवा', 'नैन शेवडी'),
(741, 'Nandurbar', 'Akkalkuwa', 'Nala', 'नंदुरबार ', 'अक्कलकुवा', 'नाला'),
(742, 'Nandurbar', 'Akkalkuwa', 'Nawa Nagarmutha', 'नंदुरबार ', 'अक्कलकुवा', 'नवा नागरमुथा'),
(743, 'Nandurbar', 'Akkalkuwa', 'Nawagaon', 'नंदुरबार ', 'अक्कलकुवा', 'नवागाव'),
(744, 'Nandurbar', 'Akkalkuwa', 'Nawapada', 'नंदुरबार ', 'अक्कलकुवा', 'नवापाडा'),
(745, 'Nandurbar', 'Akkalkuwa', 'Nendwan Bk', 'नंदुरबार ', 'अक्कलकुवा', 'Nendwan Bk'),
(746, 'Nandurbar', 'Akkalkuwa', 'Nendwan Kh', 'नंदुरबार ', 'अक्कलकुवा', 'नेंदवन ख'),
(747, 'Nandurbar', 'Akkalkuwa', 'Nimbapati', 'नंदुरबार ', 'अक्कलकुवा', 'निंबापती'),
(748, 'Nandurbar', 'Akkalkuwa', 'Odhi', 'नंदुरबार ', 'अक्कलकुवा', 'ओधी'),
(749, 'Nandurbar', 'Akkalkuwa', 'Oghani', 'नंदुरबार ', 'अक्कलकुवा', 'ओघानी'),
(750, 'Nandurbar', 'Akkalkuwa', 'Ohwa', 'नंदुरबार ', 'अक्कलकुवा', 'ओहवा'),
(751, 'Nandurbar', 'Akkalkuwa', 'Olpada', 'नंदुरबार ', 'अक्कलकुवा', 'ओलपाडा'),
(752, 'Nandurbar', 'Akkalkuwa', 'Orpa', 'नंदुरबार ', 'अक्कलकुवा', 'ओरपा'),
(753, 'Nandurbar', 'Akkalkuwa', 'Palaskhobra', 'नंदुरबार ', 'अक्कलकुवा', 'पलासखोबरा'),
(754, 'Nandurbar', 'Akkalkuwa', 'Pandhramati', 'नंदुरबार ', 'अक्कलकुवा', 'पंढरमती'),
(755, 'Nandurbar', 'Akkalkuwa', 'Patbara', 'नंदुरबार ', 'अक्कलकुवा', 'पटबारा'),
(756, 'Nandurbar', 'Akkalkuwa', 'Pechari Deo', 'नंदुरबार ', 'अक्कलकुवा', 'पेचारी देव'),
(757, 'Nandurbar', 'Akkalkuwa', 'Pimpalgaon', 'नंदुरबार ', 'अक्कलकुवा', 'पिंपळगाव'),
(758, 'Nandurbar', 'Akkalkuwa', 'Pimpalkhuta', 'नंदुरबार ', 'अक्कलकुवा', 'पिंपळखुटा'),
(759, 'Nandurbar', 'Akkalkuwa', 'Pimprapani', 'नंदुरबार ', 'अक्कलकुवा', 'पिंप्रापणी'),
(760, 'Nandurbar', 'Akkalkuwa', 'Pimpripada', 'नंदुरबार ', 'अक्कलकुवा', 'पिंप्रीपाडा'),
(761, 'Nandurbar', 'Akkalkuwa', 'Pimpti', 'नंदुरबार ', 'अक्कलकुवा', 'पिंपटी'),
(762, 'Nandurbar', 'Akkalkuwa', 'Porambi', 'नंदुरबार ', 'अक्कलकुवा', 'पोरंबी'),
(763, 'Nandurbar', 'Akkalkuwa', 'Raisingpur', 'नंदुरबार ', 'अक्कलकुवा', 'रायसिंगपूर'),
(764, 'Nandurbar', 'Akkalkuwa', 'Rajmohi (Mothi)', 'नंदुरबार ', 'अक्कलकुवा', 'राजमोही (मोठी)'),
(765, 'Nandurbar', 'Akkalkuwa', 'Rajmohi Chhoti', 'नंदुरबार ', 'अक्कलकुवा', 'राजमोही छोटी'),
(766, 'Nandurbar', 'Akkalkuwa', 'Rampur', 'नंदुरबार ', 'अक्कलकुवा', 'रामपूर'),
(767, 'Nandurbar', 'Akkalkuwa', 'Ranzani', 'नंदुरबार ', 'अक्कलकुवा', 'रांजणी'),
(768, 'Nandurbar', 'Akkalkuwa', 'Ratanbara', 'नंदुरबार ', 'अक्कलकुवा', 'रतनबारा'),
(769, 'Nandurbar', 'Akkalkuwa', 'Rethi', 'नंदुरबार ', 'अक्कलकुवा', 'रेठी'),
(770, 'Nandurbar', 'Akkalkuwa', 'Rojkund', 'नंदुरबार ', 'अक्कलकुवा', 'रोजकुंड'),
(771, 'Nandurbar', 'Akkalkuwa', 'Sakliumar', 'नंदुरबार ', 'अक्कलकुवा', 'सकल्युमर'),
(772, 'Nandurbar', 'Akkalkuwa', 'Sallibar', 'नंदुरबार ', 'अक्कलकुवा', 'सल्लीबार'),
(773, 'Nandurbar', 'Akkalkuwa', 'Sambar', 'नंदुरबार ', 'अक्कलकुवा', 'सांबर'),
(774, 'Nandurbar', 'Akkalkuwa', 'Sari', 'नंदुरबार ', 'अक्कलकुवा', 'साडी'),
(775, 'Nandurbar', 'Akkalkuwa', 'Sheltapani', 'नंदुरबार ', 'अक्कलकुवा', 'शेलतापाणी'),
(776, 'Nandurbar', 'Akkalkuwa', 'Shendvan', 'नंदुरबार ', 'अक्कलकुवा', 'शेंडवण'),
(777, 'Nandurbar', 'Akkalkuwa', 'Sinduri', 'नंदुरबार ', 'अक्कलकुवा', 'सिंदुरी'),
(778, 'Nandurbar', 'Akkalkuwa', 'Singpur Bk', 'नंदुरबार ', 'अक्कलकुवा', 'सिंगपूर बी.के'),
(779, 'Nandurbar', 'Akkalkuwa', 'Singpur Kh', 'नंदुरबार ', 'अक्कलकुवा', 'सिंगपूर ख'),
(780, 'Nandurbar', 'Akkalkuwa', 'Sojdan', 'नंदुरबार ', 'अक्कलकुवा', 'सोजदान'),
(781, 'Nandurbar', 'Akkalkuwa', 'Sonapati', 'नंदुरबार ', 'अक्कलकुवा', 'सोनपती'),
(782, 'Nandurbar', 'Akkalkuwa', 'Sorapada', 'नंदुरबार ', 'अक्कलकुवा', 'सोरापाडा'),
(783, 'Nandurbar', 'Akkalkuwa', 'Sorchapada', 'नंदुरबार ', 'अक्कलकुवा', 'सोरचापाडा'),
(784, 'Nandurbar', 'Akkalkuwa', 'Surgas', 'नंदुरबार ', 'अक्कलकुवा', 'सुरगास'),
(785, 'Nandurbar', 'Akkalkuwa', 'Talamba', 'नंदुरबार ', 'अक्कलकुवा', 'तळंबा'),
(786, 'Nandurbar', 'Akkalkuwa', 'Tawali', 'नंदुरबार ', 'अक्कलकुवा', 'टवाळी'),
(787, 'Nandurbar', 'Akkalkuwa', 'Thana', 'नंदुरबार ', 'अक्कलकुवा', 'ठाणे'),
(788, 'Nandurbar', 'Akkalkuwa', 'Thanavihir', 'नंदुरबार ', 'अक्कलकुवा', 'ठाणविहीर'),
(789, 'Nandurbar', 'Akkalkuwa', 'Timakmauli', 'नंदुरबार ', 'अक्कलकुवा', 'टिमकमाऊली'),
(790, 'Nandurbar', 'Akkalkuwa', 'Todikund', 'नंदुरबार ', 'अक्कलकुवा', 'तोडीकुंड'),
(791, 'Nandurbar', 'Akkalkuwa', 'Udepur', 'नंदुरबार ', 'अक्कलकुवा', 'उदेपूर'),
(792, 'Nandurbar', 'Akkalkuwa', 'Ukhalipada', 'नंदुरबार ', 'अक्कलकुवा', 'उखळीपाडा'),
(793, 'Nandurbar', 'Akkalkuwa', 'Ukhalsag', 'नंदुरबार ', 'अक्कलकुवा', 'उखलसाग'),
(794, 'Nandurbar', 'Akkalkuwa', 'Umaragavhan', 'नंदुरबार ', 'अक्कलकुवा', 'उमरगव्हाण'),
(795, 'Nandurbar', 'Akkalkuwa', 'Umarkuva', 'नंदुरबार ', 'अक्कलकुवा', 'उमरकुवा'),
(796, 'Nandurbar', 'Akkalkuwa', 'Umati', 'नंदुरबार ', 'अक्कलकुवा', 'उमती'),
(797, 'Nandurbar', 'Akkalkuwa', 'Urmalamal', 'नंदुरबार ', 'अक्कलकुवा', 'उर्मलामल'),
(798, 'Nandurbar', 'Akkalkuwa', 'Vadali', 'नंदुरबार ', 'अक्कलकुवा', 'वडाळी'),
(799, 'Nandurbar', 'Akkalkuwa', 'Vakadhaman', 'नंदुरबार ', 'अक्कलकुवा', 'वकधमान'),
(800, 'Nandurbar', 'Akkalkuwa', 'Vanyavihir Bk', 'नंदुरबार ', 'अक्कलकुवा', 'वन्यविहीर बी.के'),
(801, 'Nandurbar', 'Akkalkuwa', 'Vanyavihir Kh', 'नंदुरबार ', 'अक्कलकुवा', 'वान्याविहीर ख'),
(802, 'Nandurbar', 'Akkalkuwa', 'Vehgi', 'नंदुरबार ', 'अक्कलकुवा', 'वेहगी'),
(803, 'Nandurbar', 'Akkalkuwa', 'Veli', 'नंदुरबार ', 'अक्कलकुवा', 'वेली'),
(804, 'Nandurbar', 'Akkalkuwa', 'Veri', 'नंदुरबार ', 'अक्कलकुवा', 'वेरी'),
(805, 'Nandurbar', 'Akkalkuwa', 'Virpur', 'नंदुरबार ', 'अक्कलकुवा', 'वीरपूर'),
(806, 'Nandurbar', 'Akkalkuwa', 'Wadfali (Na)', 'नंदुरबार ', 'अक्कलकुवा', 'वडफळी (ना)'),
(807, 'Nandurbar', 'Akkalkuwa', 'Wadfali (R)', 'नंदुरबार ', 'अक्कलकुवा', 'वडफळी (आर)'),
(808, 'Nandurbar', 'Akkalkuwa', 'Wadibar', 'नंदुरबार ', 'अक्कलकुवा', 'वाडीबार'),
(809, 'Nandurbar', 'Akkalkuwa', 'Walamba (k)', 'नंदुरबार ', 'अक्कलकुवा', 'वाळंबा (के)'),
(810, 'Nandurbar', 'Akkalkuwa', 'Walamba (R)', 'नंदुरबार ', 'अक्कलकुवा', 'वाळंबा (आर)'),
(811, 'Nandurbar', 'Akkalkuwa', 'Welkhadi', 'नंदुरबार ', 'अक्कलकुवा', 'वेलखडी'),
(812, 'Nandurbar', 'Akkalkuwa', 'Ziri Sawar', 'नंदुरबार ', 'अक्कलकुवा', 'झिरी सावर'),
(813, 'Nandurbar', 'Akrani (Dhadgaon)', 'Achapa', 'नंदुरबार ', 'अक्राणी (धडगाव)', 'अचापा'),
(814, 'Nandurbar', 'Akrani (Dhadgaon)', 'Akwani', 'नंदुरबार ', 'अक्राणी (धडगाव)', 'अकवानी'),
(815, 'Nandurbar', 'Akrani (Dhadgaon)', 'Amala', 'नंदुरबार ', 'अक्राणी (धडगाव)', 'आवळा'),
(816, 'Nandurbar', 'Akrani (Dhadgaon)', 'Ambari', 'नंदुरबार ', 'अक्राणी (धडगाव)', 'अंबरी'),
(817, 'Nandurbar', 'Akrani (Dhadgaon)', 'Asali', 'नंदुरबार ', 'अक्राणी (धडगाव)', 'असली'),
(818, 'Nandurbar', 'Akrani (Dhadgaon)', 'Astamba', 'नंदुरबार ', 'अक्राणी (धडगाव)', 'अस्तंब'),
(819, 'Nandurbar', 'Akrani (Dhadgaon)', 'Astamba Forest', 'नंदुरबार ', 'अक्राणी (धडगाव)', 'अस्तंबा वन'),
(820, 'Nandurbar', 'Akrani (Dhadgaon)', 'Atti', 'नंदुरबार ', 'अक्राणी (धडगाव)', 'अटी'),
(821, 'Nandurbar', 'Akrani (Dhadgaon)', 'Bhabri', 'नंदुरबार ', 'अक्राणी (धडगाव)', 'भाबरी'),
(822, 'Nandurbar', 'Akrani (Dhadgaon)', 'Bhadal', 'नंदुरबार ', 'अक्राणी (धडगाव)', 'भडल'),
(823, 'Nandurbar', 'Akrani (Dhadgaon)', 'Bhamane', 'नंदुरबार ', 'अक्राणी (धडगाव)', 'भामणे'),
(824, 'Nandurbar', 'Akrani (Dhadgaon)', 'Bhanoli', 'नंदुरबार ', 'अक्राणी (धडगाव)', 'भानोली'),
(825, 'Nandurbar', 'Akrani (Dhadgaon)', 'Bharad', 'नंदुरबार ', 'अक्राणी (धडगाव)', 'भरड'),
(826, 'Nandurbar', 'Akrani (Dhadgaon)', 'Bhogawade Bk', 'नंदुरबार ', 'अक्राणी (धडगाव)', 'भोगावडे बी.के'),
(827, 'Nandurbar', 'Akrani (Dhadgaon)', 'Bhogawade Kh', 'नंदुरबार ', 'अक्राणी (धडगाव)', 'भोगावडे ख'),
(828, 'Nandurbar', 'Akrani (Dhadgaon)', 'Bhujgaon', 'नंदुरबार ', 'अक्राणी (धडगाव)', 'भुजगाव'),
(829, 'Nandurbar', 'Akrani (Dhadgaon)', 'Bhusha', 'नंदुरबार ', 'अक्राणी (धडगाव)', 'भुषा'),
(830, 'Nandurbar', 'Akrani (Dhadgaon)', 'Bijari', 'नंदुरबार ', 'अक्राणी (धडगाव)', 'बिजारी'),
(831, 'Nandurbar', 'Akrani (Dhadgaon)', 'Bilbarpada', 'नंदुरबार ', 'अक्राणी (धडगाव)', 'बिलबरपाडा'),
(832, 'Nandurbar', 'Akrani (Dhadgaon)', 'Bilgaon', 'नंदुरबार ', 'अक्राणी (धडगाव)', 'बिलगाव'),
(833, 'Nandurbar', 'Akrani (Dhadgaon)', 'Bodala', 'नंदुरबार ', 'अक्राणी (धडगाव)', 'बोडाळा'),
(834, 'Nandurbar', 'Akrani (Dhadgaon)', 'Bori', 'नंदुरबार ', 'अक्राणी (धडगाव)', 'बोरी'),
(835, 'Nandurbar', 'Akrani (Dhadgaon)', 'Borsisa', 'नंदुरबार ', 'अक्राणी (धडगाव)', 'बोर्सिसा'),
(836, 'Nandurbar', 'Akrani (Dhadgaon)', 'Borwan', 'नंदुरबार ', 'अक्राणी (धडगाव)', 'बोरवन'),
(837, 'Nandurbar', 'Akrani (Dhadgaon)', 'Chandsaili', 'नंदुरबार ', 'अक्राणी (धडगाव)', 'चांदसैली'),
(838, 'Nandurbar', 'Akrani (Dhadgaon)', 'Chhapari', 'नंदुरबार ', 'अक्राणी (धडगाव)', 'छापरी'),
(839, 'Nandurbar', 'Akrani (Dhadgaon)', 'Chhinalkuwa', 'नंदुरबार ', 'अक्राणी (धडगाव)', 'छिनालकुवा'),
(840, 'Nandurbar', 'Akrani (Dhadgaon)', 'Chikhali', 'नंदुरबार ', 'अक्राणी (धडगाव)', 'चिखली'),
(841, 'Nandurbar', 'Akrani (Dhadgaon)', 'Chinchkathi', 'नंदुरबार ', 'अक्राणी (धडगाव)', 'चिंचकाठी'),
(842, 'Nandurbar', 'Akrani (Dhadgaon)', 'Chippal', 'नंदुरबार ', 'अक्राणी (धडगाव)', 'चिप्पळ'),
(843, 'Nandurbar', 'Akrani (Dhadgaon)', 'Chitkhedi', 'नंदुरबार ', 'अक्राणी (धडगाव)', 'चिटखेडी'),
(844, 'Nandurbar', 'Akrani (Dhadgaon)', 'Chittar', 'नंदुरबार ', 'अक्राणी (धडगाव)', 'चित्तर'),
(845, 'Nandurbar', 'Akrani (Dhadgaon)', 'Chittar Forest', 'नंदुरबार ', 'अक्राणी (धडगाव)', 'चित्तर वन'),
(846, 'Nandurbar', 'Akrani (Dhadgaon)', 'Chondwade Bk', 'नंदुरबार ', 'अक्राणी (धडगाव)', 'चोंदवडे बी.के'),
(847, 'Nandurbar', 'Akrani (Dhadgaon)', 'Chondwade Kh', 'नंदुरबार ', 'अक्राणी (धडगाव)', 'चोंदवडे ख'),
(848, 'Nandurbar', 'Akrani (Dhadgaon)', 'Chulwad', 'नंदुरबार ', 'अक्राणी (धडगाव)', 'चुलवड'),
(849, 'Nandurbar', 'Akrani (Dhadgaon)', 'Dhadgaon', 'नंदुरबार ', 'अक्राणी (धडगाव)', 'धडगाव'),
(850, 'Nandurbar', 'Akrani (Dhadgaon)', 'Dhanaje Bk', 'नंदुरबार ', 'अक्राणी (धडगाव)', 'धनाजे बी.के'),
(851, 'Nandurbar', 'Akrani (Dhadgaon)', 'Dhanaje Kh', 'नंदुरबार ', 'अक्राणी (धडगाव)', 'धनाजे ख'),
(852, 'Nandurbar', 'Akrani (Dhadgaon)', 'Domkhedi', 'नंदुरबार ', 'अक्राणी (धडगाव)', 'डोमखेडी'),
(853, 'Nandurbar', 'Akrani (Dhadgaon)', 'Duttal', 'नंदुरबार ', 'अक्राणी (धडगाव)', 'दत्तल'),
(854, 'Nandurbar', 'Akrani (Dhadgaon)', 'Gaurya', 'नंदुरबार ', 'अक्राणी (धडगाव)', 'गौर्या'),
(855, 'Nandurbar', 'Akrani (Dhadgaon)', 'Genda', 'नंदुरबार ', 'अक्राणी (धडगाव)', 'गेंडा'),
(856, 'Nandurbar', 'Akrani (Dhadgaon)', 'Ghatli', 'नंदुरबार ', 'अक्राणी (धडगाव)', 'घाटली'),
(857, 'Nandurbar', 'Akrani (Dhadgaon)', 'Godamba', 'नंदुरबार ', 'अक्राणी (धडगाव)', 'गोदांबा'),
(858, 'Nandurbar', 'Akrani (Dhadgaon)', 'Goradi', 'नंदुरबार ', 'अक्राणी (धडगाव)', 'गोराडी'),
(859, 'Nandurbar', 'Akrani (Dhadgaon)', 'Harankhuri', 'नंदुरबार ', 'अक्राणी (धडगाव)', 'हरणखुरी'),
(860, 'Nandurbar', 'Akrani (Dhadgaon)', 'Hatdhui', 'नंदुरबार ', 'अक्राणी (धडगाव)', 'हातधुई'),
(861, 'Nandurbar', 'Akrani (Dhadgaon)', 'Jalola', 'नंदुरबार ', 'अक्राणी (धडगाव)', 'जलोला'),
(862, 'Nandurbar', 'Akrani (Dhadgaon)', 'Jamanvahi', 'नंदुरबार ', 'अक्राणी (धडगाव)', 'जामनवाही'),
(863, 'Nandurbar', 'Akrani (Dhadgaon)', 'Japi', 'नंदुरबार ', 'अक्राणी (धडगाव)', 'जपी'),
(864, 'Nandurbar', 'Akrani (Dhadgaon)', 'Jarali', 'नंदुरबार ', 'अक्राणी (धडगाव)', 'जराली'),
(865, 'Nandurbar', 'Akrani (Dhadgaon)', 'Jugani', 'नंदुरबार ', 'अक्राणी (धडगाव)', 'जुगनी'),
(866, 'Nandurbar', 'Akrani (Dhadgaon)', 'Junana', 'नंदुरबार ', 'अक्राणी (धडगाव)', 'जुनाना'),
(867, 'Nandurbar', 'Akrani (Dhadgaon)', 'Kakarda', 'नंदुरबार ', 'अक्राणी (धडगाव)', 'काकरडा'),
(868, 'Nandurbar', 'Akrani (Dhadgaon)', 'Kakarpati', 'नंदुरबार ', 'अक्राणी (धडगाव)', 'काकरपती'),
(869, 'Nandurbar', 'Akrani (Dhadgaon)', 'Kalibel', 'नंदुरबार ', 'अक्राणी (धडगाव)', 'कालिबेल'),
(870, 'Nandurbar', 'Akrani (Dhadgaon)', 'Kamod', 'नंदुरबार ', 'अक्राणी (धडगाव)', 'कमोद'),
(871, 'Nandurbar', 'Akrani (Dhadgaon)', 'Kamod Bk', 'नंदुरबार ', 'अक्राणी (धडगाव)', 'कमोद बी.के'),
(872, 'Nandurbar', 'Akrani (Dhadgaon)', 'Kamod Kh', 'नंदुरबार ', 'अक्राणी (धडगाव)', 'कमोद ख'),
(873, 'Nandurbar', 'Akrani (Dhadgaon)', 'Katra', 'नंदुरबार ', 'अक्राणी (धडगाव)', 'कटरा'),
(874, 'Nandurbar', 'Akrani (Dhadgaon)', 'Katri', 'नंदुरबार ', 'अक्राणी (धडगाव)', 'कात्री'),
(875, 'Nandurbar', 'Akrani (Dhadgaon)', 'Katri Forest', 'नंदुरबार ', 'अक्राणी (धडगाव)', 'कात्री वन'),
(876, 'Nandurbar', 'Akrani (Dhadgaon)', 'Kela Bk', 'नंदुरबार ', 'अक्राणी (धडगाव)', 'केला बी.के'),
(877, 'Nandurbar', 'Akrani (Dhadgaon)', 'Kela Kh', 'नंदुरबार ', 'अक्राणी (धडगाव)', 'केला ख'),
(878, 'Nandurbar', 'Akrani (Dhadgaon)', 'Kelapani', 'नंदुरबार ', 'अक्राणी (धडगाव)', 'केलापाणी'),
(879, 'Nandurbar', 'Akrani (Dhadgaon)', 'Keli', 'नंदुरबार ', 'अक्राणी (धडगाव)', 'केली'),
(880, 'Nandurbar', 'Akrani (Dhadgaon)', 'Kelimojara', 'नंदुरबार ', 'अक्राणी (धडगाव)', 'केळीमोजरा'),
(881, 'Nandurbar', 'Akrani (Dhadgaon)', 'Khadkale Bk', 'नंदुरबार ', 'अक्राणी (धडगाव)', 'खडकळे बी.के'),
(882, 'Nandurbar', 'Akrani (Dhadgaon)', 'Khadkale Kh', 'नंदुरबार ', 'अक्राणी (धडगाव)', 'खडकळे ख'),
(883, 'Nandurbar', 'Akrani (Dhadgaon)', 'Khadki', 'नंदुरबार ', 'अक्राणी (धडगाव)', 'खडकी'),
(884, 'Nandurbar', 'Akrani (Dhadgaon)', 'Khadkya', 'नंदुरबार ', 'अक्राणी (धडगाव)', 'खडक्या'),
(885, 'Nandurbar', 'Akrani (Dhadgaon)', 'Khamala', 'नंदुरबार ', 'अक्राणी (धडगाव)', 'खामला'),
(886, 'Nandurbar', 'Akrani (Dhadgaon)', 'Khanbara', 'नंदुरबार ', 'अक्राणी (धडगाव)', 'खानबारा'),
(887, 'Nandurbar', 'Akrani (Dhadgaon)', 'Kharda', 'नंदुरबार ', 'अक्राणी (धडगाव)', 'खर्डा'),
(888, 'Nandurbar', 'Akrani (Dhadgaon)', 'Khardi Bk', 'नंदुरबार ', 'अक्राणी (धडगाव)', 'खर्डी बी.के'),
(889, 'Nandurbar', 'Akrani (Dhadgaon)', 'Khardi Kh', 'नंदुरबार ', 'अक्राणी (धडगाव)', 'खर्डी ख'),
(890, 'Nandurbar', 'Akrani (Dhadgaon)', 'Kharwad', 'नंदुरबार ', 'अक्राणी (धडगाव)', 'खरवड'),
(891, 'Nandurbar', 'Akrani (Dhadgaon)', 'Khuntamodi', 'नंदुरबार ', 'अक्राणी (धडगाव)', 'खुंटामोडी'),
(892, 'Nandurbar', 'Akrani (Dhadgaon)', 'Khushgavhan', 'नंदुरबार ', 'अक्राणी (धडगाव)', 'खुशगव्हाण'),
(893, 'Nandurbar', 'Akrani (Dhadgaon)', 'Khutwada', 'नंदुरबार ', 'अक्राणी (धडगाव)', 'खुटवडा'),
(894, 'Nandurbar', 'Akrani (Dhadgaon)', 'Kuklad', 'नंदुरबार ', 'अक्राणी (धडगाव)', 'कुकलाड'),
(895, 'Nandurbar', 'Akrani (Dhadgaon)', 'Kuktar', 'नंदुरबार ', 'अक्राणी (धडगाव)', 'कुक्तर'),
(896, 'Nandurbar', 'Akrani (Dhadgaon)', 'Kumbhari', 'नंदुरबार ', 'अक्राणी (धडगाव)', 'कुंभारी'),
(897, 'Nandurbar', 'Akrani (Dhadgaon)', 'Kundal', 'नंदुरबार ', 'अक्राणी (धडगाव)', 'कुंडल'),
(898, 'Nandurbar', 'Akrani (Dhadgaon)', 'Kundya', 'नंदुरबार ', 'अक्राणी (धडगाव)', 'कुंड्या'),
(899, 'Nandurbar', 'Akrani (Dhadgaon)', 'Kusumveri', 'नंदुरबार ', 'अक्राणी (धडगाव)', 'कुसुमवेरी'),
(900, 'Nandurbar', 'Akrani (Dhadgaon)', 'Kuwarkhot', 'नंदुरबार ', 'अक्राणी (धडगाव)', 'कुवरखोत'),
(901, 'Nandurbar', 'Akrani (Dhadgaon)', 'Lekhada', 'नंदुरबार ', 'अक्राणी (धडगाव)', 'लेखडा'),
(902, 'Nandurbar', 'Akrani (Dhadgaon)', 'Makadkund', 'नंदुरबार ', 'अक्राणी (धडगाव)', 'माकडकुंड'),
(903, 'Nandurbar', 'Akrani (Dhadgaon)', 'Maktarzira', 'नंदुरबार ', 'अक्राणी (धडगाव)', 'मक्तारझिरा'),
(904, 'Nandurbar', 'Akrani (Dhadgaon)', 'Mal', 'नंदुरबार ', 'अक्राणी (धडगाव)', 'मल'),
(905, 'Nandurbar', 'Akrani (Dhadgaon)', 'Mandvi Bk', 'नंदुरबार ', 'अक्राणी (धडगाव)', 'मांडवी Bk'),
(906, 'Nandurbar', 'Akrani (Dhadgaon)', 'Mandvi Kh', 'नंदुरबार ', 'अक्राणी (धडगाव)', 'मांडवी ख'),
(907, 'Nandurbar', 'Akrani (Dhadgaon)', 'Mankhedi Bk', 'नंदुरबार ', 'अक्राणी (धडगाव)', 'मानखेडी बी.के'),
(908, 'Nandurbar', 'Akrani (Dhadgaon)', 'Mankhedi Kh', 'नंदुरबार ', 'अक्राणी (धडगाव)', 'मानखेडी ख'),
(909, 'Nandurbar', 'Akrani (Dhadgaon)', 'Manwani Bk', 'नंदुरबार ', 'अक्राणी (धडगाव)', 'मनवानी बी.के'),
(910, 'Nandurbar', 'Akrani (Dhadgaon)', 'Manwani Kh', 'नंदुरबार ', 'अक्राणी (धडगाव)', 'मनवानी ख'),
(911, 'Nandurbar', 'Akrani (Dhadgaon)', 'Mojara', 'नंदुरबार ', 'अक्राणी (धडगाव)', 'मोजरा'),
(912, 'Nandurbar', 'Akrani (Dhadgaon)', 'Mokh Bk', 'नंदुरबार ', 'अक्राणी (धडगाव)', 'मोख बी.के'),
(913, 'Nandurbar', 'Akrani (Dhadgaon)', 'Mokh Kh', 'नंदुरबार ', 'अक्राणी (धडगाव)', 'मोख ख'),
(914, 'Nandurbar', 'Akrani (Dhadgaon)', 'Mundalgaon', 'नंदुरबार ', 'अक्राणी (धडगाव)', 'मुंडलगाव'),
(915, 'Nandurbar', 'Akrani (Dhadgaon)', 'Mundalwad', 'नंदुरबार ', 'अक्राणी (धडगाव)', 'मुंडलवाड'),
(916, 'Nandurbar', 'Akrani (Dhadgaon)', 'Nal Gavhan', 'नंदुरबार ', 'अक्राणी (धडगाव)', 'नल गव्हाण'),
(917, 'Nandurbar', 'Akrani (Dhadgaon)', 'Nandalwad', 'नंदुरबार ', 'अक्राणी (धडगाव)', 'नंदलवाड'),
(918, 'Nandurbar', 'Akrani (Dhadgaon)', 'Nawegaon', 'नंदुरबार ', 'अक्राणी (धडगाव)', 'नवेगाव'),
(919, 'Nandurbar', 'Akrani (Dhadgaon)', 'Nigadi', 'नंदुरबार ', 'अक्राणी (धडगाव)', 'निगडी'),
(920, 'Nandurbar', 'Akrani (Dhadgaon)', 'Nimgavhan', 'नंदुरबार ', 'अक्राणी (धडगाव)', 'निमगव्हाण'),
(921, 'Nandurbar', 'Akrani (Dhadgaon)', 'Nimkhedi', 'नंदुरबार ', 'अक्राणी (धडगाव)', 'निमखेडी'),
(922, 'Nandurbar', 'Akrani (Dhadgaon)', 'Padali', 'नंदुरबार ', 'अक्राणी (धडगाव)', 'पाडळी'),
(923, 'Nandurbar', 'Akrani (Dhadgaon)', 'Padamund', 'नंदुरबार ', 'अक्राणी (धडगाव)', 'पदमुंड'),
(924, 'Nandurbar', 'Akrani (Dhadgaon)', 'Palkha', 'नंदुरबार ', 'अक्राणी (धडगाव)', 'पालख्या'),
(925, 'Nandurbar', 'Akrani (Dhadgaon)', 'Panbari', 'नंदुरबार ', 'अक्राणी (धडगाव)', 'पानबारी'),
(926, 'Nandurbar', 'Akrani (Dhadgaon)', 'Paula', 'नंदुरबार ', 'अक्राणी (धडगाव)', 'पाउला'),
(927, 'Nandurbar', 'Akrani (Dhadgaon)', 'Phalai', 'नंदुरबार ', 'अक्राणी (धडगाव)', 'फलाई'),
(928, 'Nandurbar', 'Akrani (Dhadgaon)', 'Pimpalbari', 'नंदुरबार ', 'अक्राणी (धडगाव)', 'पिंपळबारी'),
(929, 'Nandurbar', 'Akrani (Dhadgaon)', 'Pimpalchop', 'नंदुरबार ', 'अक्राणी (धडगाव)', 'पिंपळचोप'),
(930, 'Nandurbar', 'Akrani (Dhadgaon)', 'Pimpri', 'नंदुरबार ', 'अक्राणी (धडगाव)', 'पिंपरी'),
(931, 'Nandurbar', 'Akrani (Dhadgaon)', 'Radikalam', 'नंदुरबार ', 'अक्राणी (धडगाव)', 'रेडिकलम'),
(932, 'Nandurbar', 'Akrani (Dhadgaon)', 'Rajbardi', 'नंदुरबार ', 'अक्राणी (धडगाव)', 'राजबर्डी'),
(933, 'Nandurbar', 'Akrani (Dhadgaon)', 'Ramsala', 'नंदुरबार ', 'अक्राणी (धडगाव)', 'रामशाळा'),
(934, 'Nandurbar', 'Akrani (Dhadgaon)', 'Roshamal Bk', 'नंदुरबार ', 'अक्राणी (धडगाव)', 'रोशमल बी.के'),
(935, 'Nandurbar', 'Akrani (Dhadgaon)', 'Roshamal Kh', 'नंदुरबार ', 'अक्राणी (धडगाव)', 'रोशमल ख'),
(936, 'Nandurbar', 'Akrani (Dhadgaon)', 'Sadri', 'नंदुरबार ', 'अक्राणी (धडगाव)', 'सदरी'),
(937, 'Nandurbar', 'Akrani (Dhadgaon)', 'Sawarya', 'नंदुरबार ', 'अक्राणी (धडगाव)', 'सावर्या'),
(938, 'Nandurbar', 'Akrani (Dhadgaon)', 'Sawaryadigar', 'नंदुरबार ', 'अक्राणी (धडगाव)', 'सावर्यादिगर'),
(939, 'Nandurbar', 'Akrani (Dhadgaon)', 'Shelda', 'नंदुरबार ', 'अक्राणी (धडगाव)', 'शेलडा'),
(940, 'Nandurbar', 'Akrani (Dhadgaon)', 'Shelgada', 'नंदुरबार ', 'अक्राणी (धडगाव)', 'शेलगडा'),
(941, 'Nandurbar', 'Akrani (Dhadgaon)', 'Shelkui', 'नंदुरबार ', 'अक्राणी (धडगाव)', 'शेलकुई'),
(942, 'Nandurbar', 'Akrani (Dhadgaon)', 'Shikka', 'नंदुरबार ', 'अक्राणी (धडगाव)', 'शिक्का'),
(943, 'Nandurbar', 'Akrani (Dhadgaon)', 'Sindidigar', 'नंदुरबार ', 'अक्राणी (धडगाव)', 'सिंदीदिगर'),
(944, 'Nandurbar', 'Akrani (Dhadgaon)', 'Sindvani', 'नंदुरबार ', 'अक्राणी (धडगाव)', 'सिंदवणी'),
(945, 'Nandurbar', 'Akrani (Dhadgaon)', 'Sirsani', 'नंदुरबार ', 'अक्राणी (धडगाव)', 'सिरसाणी'),
(946, 'Nandurbar', 'Akrani (Dhadgaon)', 'Sisa', 'नंदुरबार ', 'अक्राणी (धडगाव)', 'सिसा'),
(947, 'Nandurbar', 'Akrani (Dhadgaon)', 'Somane', 'नंदुरबार ', 'अक्राणी (धडगाव)', 'सोमणे'),
(948, 'Nandurbar', 'Akrani (Dhadgaon)', 'Son Bk', 'नंदुरबार ', 'अक्राणी (धडगाव)', 'मुलगा बी.के'),
(949, 'Nandurbar', 'Akrani (Dhadgaon)', 'Son Kh', 'नंदुरबार ', 'अक्राणी (धडगाव)', 'मुलगा ख'),
(950, 'Nandurbar', 'Akrani (Dhadgaon)', 'Surung', 'नंदुरबार ', 'अक्राणी (धडगाव)', 'सुरुंग'),
(951, 'Nandurbar', 'Akrani (Dhadgaon)', 'Surwani', 'नंदुरबार ', 'अक्राणी (धडगाव)', 'सुरवाणी'),
(952, 'Nandurbar', 'Akrani (Dhadgaon)', 'Talai', 'नंदुरबार ', 'अक्राणी (धडगाव)', 'तलाई'),
(953, 'Nandurbar', 'Akrani (Dhadgaon)', 'Telkhedi', 'नंदुरबार ', 'अक्राणी (धडगाव)', 'तेलखेडी'),
(954, 'Nandurbar', 'Akrani (Dhadgaon)', 'Tembhala', 'नंदुरबार ', 'अक्राणी (धडगाव)', 'टेंभळा'),
(955, 'Nandurbar', 'Akrani (Dhadgaon)', 'Tembhurni', 'नंदुरबार ', 'अक्राणी (धडगाव)', 'टेंभुर्णी'),
(956, 'Nandurbar', 'Akrani (Dhadgaon)', 'Thuwani', 'नंदुरबार ', 'अक्राणी (धडगाव)', 'थुवानी'),
(957, 'Nandurbar', 'Akrani (Dhadgaon)', 'Tinasmal', 'नंदुरबार ', 'अक्राणी (धडगाव)', 'टिनासमल'),
(958, 'Nandurbar', 'Akrani (Dhadgaon)', 'Toranmal (june)', 'नंदुरबार ', 'अक्राणी (धडगाव)', 'तोरणमाळ (जून)'),
(959, 'Nandurbar', 'Akrani (Dhadgaon)', 'Toranmal (New)', 'नंदुरबार ', 'अक्राणी (धडगाव)', 'तोरणमाळ (नवीन)'),
(960, 'Nandurbar', 'Akrani (Dhadgaon)', 'Trishul', 'नंदुरबार ', 'अक्राणी (धडगाव)', 'त्रिशूल'),
(961, 'Nandurbar', 'Akrani (Dhadgaon)', 'Udadya', 'नंदुरबार ', 'अक्राणी (धडगाव)', 'उदड्या'),
(962, 'Nandurbar', 'Akrani (Dhadgaon)', 'Ukhaliamba', 'नंदुरबार ', 'अक्राणी (धडगाव)', 'उखळीआंबा'),
(963, 'Nandurbar', 'Akrani (Dhadgaon)', 'Umarani Bk', 'नंदुरबार ', 'अक्राणी (धडगाव)', 'उमराणी बी.के'),
(964, 'Nandurbar', 'Akrani (Dhadgaon)', 'Umarani Kh', 'नंदुरबार ', 'अक्राणी (धडगाव)', 'उमराणी ख'),
(965, 'Nandurbar', 'Akrani (Dhadgaon)', 'Vadfalya (CT)', 'नंदुरबार ', 'अक्राणी (धडगाव)', 'वडफल्या (CT)'),
(966, 'Nandurbar', 'Akrani (Dhadgaon)', 'Vahwani', 'नंदुरबार ', 'अक्राणी (धडगाव)', 'वाहवानी'),
(967, 'Nandurbar', 'Akrani (Dhadgaon)', 'Valiamba', 'नंदुरबार ', 'अक्राणी (धडगाव)', 'वलींबा'),
(968, 'Nandurbar', 'Akrani (Dhadgaon)', 'Valval', 'नंदुरबार ', 'अक्राणी (धडगाव)', 'वलवल'),
(969, 'Nandurbar', 'Akrani (Dhadgaon)', 'Varkhedi Bk', 'नंदुरबार ', 'अक्राणी (धडगाव)', 'वरखेडी बी.के'),
(970, 'Nandurbar', 'Akrani (Dhadgaon)', 'Varkhedi Kh', 'नंदुरबार ', 'अक्राणी (धडगाव)', 'वरखेडी ख'),
(971, 'Nandurbar', 'Akrani (Dhadgaon)', 'Vavi', 'नंदुरबार ', 'अक्राणी (धडगाव)', 'वावी'),
(972, 'Nandurbar', 'Akrani (Dhadgaon)', 'Velkhedi', 'नंदुरबार ', 'अक्राणी (धडगाव)', 'वेलखेडी'),
(973, 'Nandurbar', 'Akrani (Dhadgaon)', 'Warwali', 'नंदुरबार ', 'अक्राणी (धडगाव)', 'वारवाली'),
(974, 'Nandurbar', 'Akrani (Dhadgaon)', 'Zummad', 'नंदुरबार ', 'अक्राणी (धडगाव)', 'झुम्मड');

--
-- Indexes for dumped tables
--

--
-- Indexes for table `admin_accounts`
--
ALTER TABLE `admin_accounts`
  ADD PRIMARY KEY (`admin_id`);

--
-- Indexes for table `applicant`
--
ALTER TABLE `applicant`
  ADD PRIMARY KEY (`id`);

--
-- Indexes for table `complaint`
--
ALTER TABLE `complaint`
  ADD PRIMARY KEY (`c_id`);

--
-- Indexes for table `districts`
--
ALTER TABLE `districts`
  ADD PRIMARY KEY (`district_id`);

--
-- Indexes for table `rahivasi_form`
--
ALTER TABLE `rahivasi_form`
  ADD PRIMARY KEY (`r_id`);

--
-- Indexes for table `rahivasi_form_doc`
--
ALTER TABLE `rahivasi_form_doc`
  ADD PRIMARY KEY (`id`);

--
-- Indexes for table `rahivasi_form_remark`
--
ALTER TABLE `rahivasi_form_remark`
  ADD PRIMARY KEY (`id`);

--
-- Indexes for table `talukas`
--
ALTER TABLE `talukas`
  ADD PRIMARY KEY (`taluka_id`);

--
-- Indexes for table `villages`
--
ALTER TABLE `villages`
  ADD PRIMARY KEY (`village_id`);

--
-- AUTO_INCREMENT for dumped tables
--

--
-- AUTO_INCREMENT for table `admin_accounts`
--
ALTER TABLE `admin_accounts`
  MODIFY `admin_id` int(11) NOT NULL AUTO_INCREMENT, AUTO_INCREMENT=5;

--
-- AUTO_INCREMENT for table `applicant`
--
ALTER TABLE `applicant`
  MODIFY `id` int(11) NOT NULL AUTO_INCREMENT, AUTO_INCREMENT=6;

--
-- AUTO_INCREMENT for table `complaint`
--
ALTER TABLE `complaint`
  MODIFY `c_id` int(11) NOT NULL AUTO_INCREMENT, AUTO_INCREMENT=7;

--
-- AUTO_INCREMENT for table `districts`
--
ALTER TABLE `districts`
  MODIFY `district_id` int(11) NOT NULL AUTO_INCREMENT, AUTO_INCREMENT=37;

--
-- AUTO_INCREMENT for table `rahivasi_form`
--
ALTER TABLE `rahivasi_form`
  MODIFY `r_id` int(11) NOT NULL AUTO_INCREMENT, AUTO_INCREMENT=9;

--
-- AUTO_INCREMENT for table `rahivasi_form_doc`
--
ALTER TABLE `rahivasi_form_doc`
  MODIFY `id` int(11) NOT NULL AUTO_INCREMENT, AUTO_INCREMENT=73;

--
-- AUTO_INCREMENT for table `rahivasi_form_remark`
--
ALTER TABLE `rahivasi_form_remark`
  MODIFY `id` int(11) NOT NULL AUTO_INCREMENT, AUTO_INCREMENT=21;

--
-- AUTO_INCREMENT for table `talukas`
--
ALTER TABLE `talukas`
  MODIFY `taluka_id` int(11) NOT NULL AUTO_INCREMENT, AUTO_INCREMENT=358;

--
-- AUTO_INCREMENT for table `villages`
--
ALTER TABLE `villages`
  MODIFY `village_id` int(11) NOT NULL AUTO_INCREMENT, AUTO_INCREMENT=975;
COMMIT;

/*!40101 SET CHARACTER_SET_CLIENT=@OLD_CHARACTER_SET_CLIENT */;
/*!40101 SET CHARACTER_SET_RESULTS=@OLD_CHARACTER_SET_RESULTS */;
/*!40101 SET COLLATION_CONNECTION=@OLD_COLLATION_CONNECTION */;
